Date,COPX,CQQQ,EWZ,GLD,ITA,NLR,PAVE,QQQM,SLV,SMH,TLT,VNM,XLE,XLU,RP,INDA
2025-01-07,0.0,0.0,0.0,0.0,0.0,0.0,0.0,0.0,0.0,0.0,0.0,0.0,0.0,0.0,1.0,0.0
2025-01-08,0.0,0.0,0.0,0.0,0.0,0.0,0.0,0.0,0.0,0.0,0.0,0.0,0.0,0.0,1.0,0.0
2025-01-09,0.0,0.0,0.0,0.0,0.0,0.0,0.0,0.0,0.0,0.0,0.0,0.0,0.0,0.0,1.0,0.0
2025-01-10,0.0,0.0,0.0,0.0,0.0,0.0,0.0,0.0,0.0,0.0,0.0,0.0,0.0,0.0,1.0,0.0
2025-01-13,0.0,0.0,0.0,0.0,0.0,0.0,0.0,0.0,0.0,0.0,0.0,0.0,0.0,0.0,1.0,0.0
2025-01-14,0.0,0.0,0.0,0.524766,0.274431,0.066934,0.0,0.0,0.066934,0.066934,0.0,0.0,0.0,0.0,1e-06,0.0
2025-01-15,0.0,0.0,0.0,0.524766,0.274431,0.066934,0.0,0.0,0.066934,0.066934,0.0,0.0,0.0,0.0,1e-06,0.0
2025-01-16,0.0,0.0,0.0,0.549483,0.302806,0.073855,0.0,0.0,0.0,0.073855,0.0,0.0,0.0,0.0,1e-06,0.0
2025-01-17,0.0,0.0,0.0,0.549483,0.302806,0.073855,0.0,0.0,0.0,0.073855,0.0,0.0,0.0,0.0,1e-06,0.0
2025-01-20,0.0,0.0,0.0,0.549483,0.302806,0.073855,0.0,0.0,0.0,0.073855,0.0,0.0,0.0,0.0,1e-06,0.0
2025-01-21,0.0,0.0,0.0,0.487035,0.231116,0.05637,0.0,0.0,0.169109,0.05637,0.0,0.0,0.0,0.0,0.0,0.0
2025-01-22,0.0,0.0,0.0,0.487035,0.231116,0.05637,0.0,0.0,0.169109,0.05637,0.0,0.0,0.0,0.0,0.0,0.0
2025-01-23,0.0,0.0,0.0,0.487035,0.231116,0.05637,0.0,0.0,0.169109,0.05637,0.0,0.0,0.0,0.0,0.0,0.0
2025-01-24,0.0,0.0,0.0,0.487035,0.231116,0.05637,0.0,0.0,0.169109,0.05637,0.0,0.0,0.0,0.0,0.0,0.0
2025-01-27,0.0,0.0,0.0,0.487035,0.231116,0.05637,0.0,0.0,0.169109,0.05637,0.0,0.0,0.0,0.0,0.0,0.0
2025-01-28,0.0,0.0,0.0,0.487035,0.231116,0.05637,0.0,0.0,0.169109,0.05637,0.0,0.0,0.0,0.0,0.0,0.0
2025-01-29,0.0,0.0,0.0,0.487035,0.231116,0.05637,0.0,0.0,0.169109,0.05637,0.0,0.0,0.0,0.0,0.0,0.0
2025-01-30,0.0,0.0,0.0,0.487035,0.231116,0.05637,0.0,0.0,0.169109,0.05637,0.0,0.0,0.0,0.0,0.0,0.0
2025-01-31,0.0,0.0,0.0,0.487035,0.231116,0.05637,0.0,0.0,0.169109,0.05637,0.0,0.0,0.0,0.0,0.0,0.0
2025-02-03,0.0,0.0,0.0,0.487035,0.231116,0.05637,0.0,0.0,0.169109,0.05637,0.0,0.0,0.0,0.0,0.0,0.0
2025-02-04,0.0,0.0,0.0,0.487035,0.231116,0.05637,0.0,0.0,0.169109,0.05637,0.0,0.0,0.0,0.0,0.0,0.0
2025-02-05,0.0,0.0,0.0,0.487035,0.231116,0.05637,0.0,0.0,0.169109,0.05637,0.0,0.0,0.0,0.0,0.0,0.0
2025-02-06,0.0,0.0,0.0,0.487035,0.231116,0.05637,0.0,0.0,0.169109,0.05637,0.0,0.0,0.0,0.0,0.0,0.0
2025-02-07,0.0,0.0,0.0,0.440215,0.177366,0.04326,0.0,0.0,0.295899,0.04326,0.0,0.0,0.0,0.0,0.0,0.0
2025-02-10,0.0,0.0,0.0,0.487035,0.231116,0.05637,0.0,0.0,0.169109,0.05637,0.0,0.0,0.0,0.0,0.0,0.0
2025-02-11,0.0,0.0,0.0,0.487035,0.231116,0.05637,0.0,0.0,0.169109,0.05637,0.0,0.0,0.0,0.0,0.0,0.0
2025-02-12,0.0,0.0,0.0,0.487035,0.231116,0.05637,0.0,0.0,0.169109,0.05637,0.0,0.0,0.0,0.0,0.0,0.0
2025-02-13,0.0,0.0,0.0,0.487035,0.231116,0.05637,0.0,0.0,0.169109,0.05637,0.0,0.0,0.0,0.0,0.0,0.0
2025-02-14,0.0,0.0,0.0,0.487035,0.231116,0.05637,0.0,0.0,0.169109,0.05637,0.0,0.0,0.0,0.0,0.0,0.0
2025-02-17,0.0,0.0,0.0,0.487035,0.231116,0.05637,0.0,0.0,0.169109,0.05637,0.0,0.0,0.0,0.0,0.0,0.0
2025-02-18,0.0,0.0,0.0,0.487035,0.231116,0.05637,0.0,0.0,0.169109,0.05637,0.0,0.0,0.0,0.0,0.0,0.0
2025-02-19,0.0,0.0,0.0,0.487035,0.231116,0.05637,0.0,0.0,0.169109,0.05637,0.0,0.0,0.0,0.0,0.0,0.0
2025-02-20,0.0,0.0,0.0,0.487035,0.231116,0.05637,0.0,0.0,0.169109,0.05637,0.0,0.0,0.0,0.0,0.0,0.0
2025-02-21,0.0,0.0,0.0,0.440215,0.177366,0.04326,0.0,0.0,0.295899,0.04326,0.0,0.0,0.0,0.0,0.0,0.0
2025-02-24,0.0,0.0,0.0,0.440215,0.177366,0.04326,0.0,0.0,0.295899,0.04326,0.0,0.0,0.0,0.0,0.0,0.0
2025-02-25,0.0,0.0,0.0,0.487035,0.231116,0.05637,0.0,0.0,0.169109,0.05637,0.0,0.0,0.0,0.0,0.0,0.0
2025-02-26,0.0,0.0,0.0,0.487035,0.231116,0.05637,0.0,0.0,0.169109,0.05637,0.0,0.0,0.0,0.0,0.0,0.0
2025-02-27,0.0,0.0,0.0,0.487035,0.231116,0.05637,0.0,0.0,0.169109,0.05637,0.0,0.0,0.0,0.0,0.0,0.0
2025-02-28,0.0,0.0,0.0,0.487035,0.231116,0.05637,0.0,0.0,0.169109,0.05637,0.0,0.0,0.0,0.0,0.0,0.0
2025-03-03,0.0,0.0,0.0,0.487035,0.231116,0.05637,0.0,0.0,0.169109,0.05637,0.0,0.0,0.0,0.0,0.0,0.0
2025-03-04,0.0,0.0,0.0,0.487035,0.231116,0.05637,0.0,0.0,0.169109,0.05637,0.0,0.0,0.0,0.0,0.0,0.0
2025-03-05,0.0,0.0,0.0,0.487035,0.231116,0.05637,0.0,0.0,0.169109,0.05637,0.0,0.0,0.0,0.0,0.0,0.0
2025-03-06,0.0,0.0,0.0,0.487035,0.231116,0.05637,0.0,0.0,0.169109,0.05637,0.0,0.0,0.0,0.0,0.0,0.0
2025-03-07,0.0,0.0,0.0,0.487035,0.231116,0.05637,0.0,0.0,0.169109,0.05637,0.0,0.0,0.0,0.0,0.0,0.0
2025-03-10,0.0,0.0,0.0,0.440215,0.177366,0.04326,0.0,0.0,0.295899,0.04326,0.0,0.0,0.0,0.0,0.0,0.0
2025-03-11,0.0,0.0,0.0,0.440215,0.177366,0.04326,0.0,0.0,0.295899,0.04326,0.0,0.0,0.0,0.0,0.0,0.0
2025-03-12,0.0,0.0,0.0,0.440215,0.177366,0.04326,0.0,0.0,0.295899,0.04326,0.0,0.0,0.0,0.0,0.0,0.0
2025-03-13,0.229616,0.0,0.0,0.42518,0.0,0.03905,0.0,0.0,0.267104,0.03905,0.0,0.0,0.0,0.0,0.0,0.0
2025-03-14,0.229616,0.0,0.0,0.42518,0.0,0.03905,0.0,0.0,0.267104,0.03905,0.0,0.0,0.0,0.0,0.0,0.0
2025-03-17,0.229616,0.0,0.0,0.42518,0.0,0.03905,0.0,0.0,0.267104,0.03905,0.0,0.0,0.0,0.0,0.0,0.0
2025-03-18,0.229616,0.0,0.0,0.42518,0.0,0.03905,0.0,0.0,0.267104,0.03905,0.0,0.0,0.0,0.0,0.0,0.0
2025-03-19,0.290629,0.0,0.0,0.462238,0.0,0.049427,0.0,0.0,0.14828,0.049427,0.0,0.0,0.0,0.0,0.0,0.0
2025-03-20,0.290629,0.0,0.0,0.462238,0.0,0.049427,0.0,0.0,0.14828,0.049427,0.0,0.0,0.0,0.0,0.0,0.0
2025-03-21,0.290629,0.0,0.0,0.462238,0.0,0.049427,0.0,0.0,0.14828,0.049427,0.0,0.0,0.0,0.0,0.0,0.0
2025-03-24,0.290629,0.0,0.0,0.462238,0.0,0.049427,0.0,0.0,0.14828,0.049427,0.0,0.0,0.0,0.0,0.0,0.0
2025-03-25,0.290629,0.0,0.0,0.462238,0.0,0.049427,0.0,0.0,0.14828,0.049427,0.0,0.0,0.0,0.0,0.0,0.0
2025-03-26,0.229616,0.0,0.0,0.42518,0.0,0.03905,0.0,0.0,0.267104,0.03905,0.0,0.0,0.0,0.0,0.0,0.0
2025-03-27,0.229616,0.0,0.0,0.42518,0.0,0.03905,0.0,0.0,0.267104,0.03905,0.0,0.0,0.0,0.0,0.0,0.0
2025-03-28,0.229616,0.0,0.0,0.42518,0.0,0.03905,0.0,0.0,0.267104,0.03905,0.0,0.0,0.0,0.0,0.0,0.0
2025-03-31,0.229616,0.0,0.0,0.42518,0.0,0.03905,0.0,0.0,0.267104,0.03905,0.0,0.0,0.0,0.0,0.0,0.0
2025-04-01,0.290629,0.0,0.0,0.462238,0.0,0.049427,0.0,0.0,0.14828,0.049427,0.0,0.0,0.0,0.0,0.0,0.0
2025-04-02,0.290629,0.0,0.0,0.462238,0.0,0.049427,0.0,0.0,0.14828,0.049427,0.0,0.0,0.0,0.0,0.0,0.0
2025-04-03,0.290629,0.0,0.0,0.462238,0.0,0.049427,0.0,0.0,0.14828,0.049427,0.0,0.0,0.0,0.0,0.0,0.0
2025-04-04,0.199986,0.0,0.0,0.407183,0.0,0.034011,0.256785,0.0,0.102034,0.0,0.0,0.0,0.0,0.0,1e-06,0.0
2025-04-07,0.0,0.0,0.0,1.0,0.0,0.0,0.0,0.0,0.0,0.0,0.0,0.0,0.0,0.0,0.0,0.0
2025-04-08,0.0,0.0,0.0,1.0,0.0,0.0,0.0,0.0,0.0,0.0,0.0,0.0,0.0,0.0,0.0,0.0
2025-04-09,0.0,0.0,0.0,1.0,0.0,0.0,0.0,0.0,0.0,0.0,0.0,0.0,0.0,0.0,0.0,0.0
2025-04-10,0.0,0.0,0.0,1.0,0.0,0.0,0.0,0.0,0.0,0.0,0.0,0.0,0.0,0.0,0.0,0.0
2025-04-11,0.169762,0.0,0.116639,0.360889,0.0,0.0,0.217977,0.0,0.134732,0.0,0.0,0.0,0.0,0.0,1e-06,0.0
2025-04-14,0.0,0.0,0.0,0.595376,0.0,0.0,0.0,0.0,0.404624,0.0,0.0,0.0,0.0,0.0,0.0,0.0
2025-04-15,0.0,0.0,0.0,0.595376,0.0,0.0,0.0,0.0,0.404624,0.0,0.0,0.0,0.0,0.0,0.0,0.0
2025-04-16,0.0,0.0,0.0,0.595376,0.0,0.0,0.0,0.0,0.404624,0.0,0.0,0.0,0.0,0.0,0.0,0.0
2025-04-17,0.0,0.0,0.0,0.595376,0.0,0.0,0.0,0.0,0.404624,0.0,0.0,0.0,0.0,0.0,0.0,0.0
2025-04-21,0.167347,0.0,0.11498,0.355754,0.0,0.01423,0.214875,0.0,0.132815,0.0,0.0,0.0,0.0,0.0,0.0,0.0
2025-04-22,0.167347,0.0,0.11498,0.355754,0.0,0.01423,0.214875,0.0,0.132815,0.0,0.0,0.0,0.0,0.0,0.0,0.0
2025-04-23,0.167347,0.0,0.11498,0.355754,0.0,0.01423,0.214875,0.0,0.132815,0.0,0.0,0.0,0.0,0.0,0.0,0.0
2025-04-24,0.167347,0.0,0.11498,0.355754,0.0,0.01423,0.214875,0.0,0.132815,0.0,0.0,0.0,0.0,0.0,0.0,0.0
2025-04-25,0.167347,0.0,0.11498,0.355754,0.0,0.01423,0.214875,0.0,0.132815,0.0,0.0,0.0,0.0,0.0,0.0,0.0
2025-04-28,0.167347,0.0,0.11498,0.355754,0.0,0.01423,0.214875,0.0,0.132815,0.0,0.0,0.0,0.0,0.0,0.0,0.0
2025-04-29,0.167347,0.0,0.11498,0.355754,0.0,0.01423,0.214875,0.0,0.132815,0.0,0.0,0.0,0.0,0.0,0.0,0.0
2025-04-30,0.167347,0.0,0.11498,0.355754,0.0,0.01423,0.214875,0.0,0.132815,0.0,0.0,0.0,0.0,0.0,0.0,0.0
2025-05-01,0.167347,0.0,0.11498,0.355754,0.0,0.01423,0.214875,0.0,0.132815,0.0,0.0,0.0,0.0,0.0,0.0,0.0
2025-05-02,0.167347,0.0,0.11498,0.355754,0.0,0.01423,0.214875,0.0,0.132815,0.0,0.0,0.0,0.0,0.0,0.0,0.0
2025-05-05,0.167347,0.0,0.11498,0.355754,0.0,0.01423,0.214875,0.0,0.132815,0.0,0.0,0.0,0.0,0.0,0.0,0.0
2025-05-06,0.167347,0.0,0.11498,0.355754,0.0,0.01423,0.214875,0.0,0.132815,0.0,0.0,0.0,0.0,0.0,0.0,0.0
2025-05-07,0.167347,0.0,0.11498,0.355754,0.0,0.01423,0.214875,0.0,0.132815,0.0,0.0,0.0,0.0,0.0,0.0,0.0
2025-05-08,0.167347,0.0,0.11498,0.355754,0.0,0.01423,0.214875,0.0,0.132815,0.0,0.0,0.0,0.0,0.0,0.0,0.0
2025-05-09,0.167347,0.0,0.11498,0.355754,0.0,0.01423,0.214875,0.0,0.132815,0.0,0.0,0.0,0.0,0.0,0.0,0.0
2025-05-12,0.147726,0.0,0.101499,0.314044,0.0,0.012562,0.189683,0.0,0.234486,0.0,0.0,0.0,0.0,0.0,0.0,0.0
2025-05-13,0.147726,0.0,0.101499,0.314044,0.0,0.012562,0.189683,0.0,0.234486,0.0,0.0,0.0,0.0,0.0,0.0,0.0
2025-05-14,0.147726,0.0,0.101499,0.314044,0.0,0.012562,0.189683,0.0,0.234486,0.0,0.0,0.0,0.0,0.0,0.0,0.0
2025-05-15,0.147726,0.0,0.101499,0.314044,0.0,0.012562,0.189683,0.0,0.234486,0.0,0.0,0.0,0.0,0.0,0.0,0.0
2025-05-16,0.147726,0.0,0.101499,0.314044,0.0,0.012562,0.189683,0.0,0.234486,0.0,0.0,0.0,0.0,0.0,0.0,0.0
2025-05-19,0.147726,0.0,0.101499,0.314044,0.0,0.012562,0.189683,0.0,0.234486,0.0,0.0,0.0,0.0,0.0,0.0,0.0
2025-05-20,0.147726,0.0,0.101499,0.314044,0.0,0.012562,0.189683,0.0,0.234486,0.0,0.0,0.0,0.0,0.0,0.0,0.0
2025-05-21,0.147726,0.0,0.101499,0.314044,0.0,0.012562,0.189683,0.0,0.234486,0.0,0.0,0.0,0.0,0.0,0.0,0.0
2025-05-22,0.167347,0.0,0.11498,0.355754,0.0,0.01423,0.214875,0.0,0.132815,0.0,0.0,0.0,0.0,0.0,0.0,0.0
2025-05-23,0.167347,0.0,0.11498,0.355754,0.0,0.01423,0.214875,0.0,0.132815,0.0,0.0,0.0,0.0,0.0,0.0,0.0
2025-05-26,0.167347,0.0,0.11498,0.355754,0.0,0.01423,0.214875,0.0,0.132815,0.0,0.0,0.0,0.0,0.0,0.0,0.0
2025-05-27,0.147726,0.0,0.101499,0.314044,0.0,0.012562,0.189683,0.0,0.234486,0.0,0.0,0.0,0.0,0.0,0.0,0.0
2025-05-28,0.147726,0.0,0.101499,0.314044,0.0,0.012562,0.189683,0.0,0.234486,0.0,0.0,0.0,0.0,0.0,0.0,0.0
2025-05-29,0.147726,0.0,0.101499,0.314044,0.0,0.012562,0.189683,0.0,0.234486,0.0,0.0,0.0,0.0,0.0,0.0,0.0
2025-05-30,0.147726,0.0,0.101499,0.314044,0.0,0.012562,0.189683,0.0,0.234486,0.0,0.0,0.0,0.0,0.0,0.0,0.0
2025-06-02,0.147726,0.0,0.101499,0.314044,0.0,0.012562,0.189683,0.0,0.234486,0.0,0.0,0.0,0.0,0.0,0.0,0.0
2025-06-03,0.147726,0.0,0.101499,0.314044,0.0,0.012562,0.189683,0.0,0.234486,0.0,0.0,0.0,0.0,0.0,0.0,0.0
2025-06-04,0.147726,0.0,0.101499,0.314044,0.0,0.012562,0.189683,0.0,0.234486,0.0,0.0,0.0,0.0,0.0,0.0,0.0
2025-06-05,0.147726,0.0,0.101499,0.314044,0.0,0.012562,0.189683,0.0,0.234486,0.0,0.0,0.0,0.0,0.0,0.0,0.0
2025-06-06,0.147726,0.0,0.101499,0.314044,0.0,0.012562,0.189683,0.0,0.234486,0.0,0.0,0.0,0.0,0.0,0.0,0.0
2025-06-09,0.147726,0.0,0.101499,0.314044,0.0,0.012562,0.189683,0.0,0.234486,0.0,0.0,0.0,0.0,0.0,0.0,0.0
2025-06-10,0.147726,0.0,0.101499,0.314044,0.0,0.012562,0.189683,0.0,0.234486,0.0,0.0,0.0,0.0,0.0,0.0,0.0
2025-06-11,0.147726,0.0,0.101499,0.314044,0.0,0.012562,0.189683,0.0,0.234486,0.0,0.0,0.0,0.0,0.0,0.0,0.0
2025-06-12,0.147726,0.0,0.101499,0.314044,0.0,0.012562,0.189683,0.0,0.234486,0.0,0.0,0.0,0.0,0.0,0.0,0.0
2025-06-13,0.147726,0.0,0.101499,0.314044,0.0,0.012562,0.189683,0.0,0.234486,0.0,0.0,0.0,0.0,0.0,0.0,0.0
2025-06-16,0.147726,0.0,0.101499,0.314044,0.0,0.012562,0.189683,0.0,0.234486,0.0,0.0,0.0,0.0,0.0,0.0,0.0
2025-06-17,0.147726,0.0,0.101499,0.314044,0.0,0.012562,0.189683,0.0,0.234486,0.0,0.0,0.0,0.0,0.0,0.0,0.0
2025-06-18,0.0,0.0,0.119092,0.368478,0.0,0.014739,0.222561,0.0,0.27513,0.0,0.0,0.0,0.0,0.0,0.0,0.0
2025-06-19,0.0,0.0,0.119092,0.368478,0.0,0.014739,0.222561,0.0,0.27513,0.0,0.0,0.0,0.0,0.0,0.0,0.0
2025-06-20,0.0,0.0,0.119092,0.368478,0.0,0.014739,0.222561,0.0,0.27513,0.0,0.0,0.0,0.0,0.0,0.0,0.0
2025-06-23,0.0,0.0,0.119092,0.368478,0.0,0.014739,0.222561,0.0,0.27513,0.0,0.0,0.0,0.0,0.0,0.0,0.0
2025-06-24,0.0,0.0,0.119092,0.368478,0.0,0.014739,0.222561,0.0,0.27513,0.0,0.0,0.0,0.0,0.0,0.0,0.0
2025-06-25,0.0,0.0,0.119092,0.368478,0.0,0.014739,0.222561,0.0,0.27513,0.0,0.0,0.0,0.0,0.0,0.0,0.0
2025-06-26,0.0,0.0,0.119092,0.368478,0.0,0.014739,0.222561,0.0,0.27513,0.0,0.0,0.0,0.0,0.0,0.0,0.0
2025-06-27,0.0,0.0,0.119092,0.368478,0.0,0.014739,0.222561,0.0,0.27513,0.0,0.0,0.0,0.0,0.0,0.0,0.0
2025-06-30,0.0,0.0,0.119092,0.368478,0.0,0.014739,0.222561,0.0,0.27513,0.0,0.0,0.0,0.0,0.0,0.0,0.0
2025-07-01,0.0,0.0,0.119092,0.368478,0.0,0.014739,0.222561,0.0,0.27513,0.0,0.0,0.0,0.0,0.0,0.0,0.0
2025-07-02,0.0,0.0,0.119092,0.368478,0.0,0.014739,0.222561,0.0,0.27513,0.0,0.0,0.0,0.0,0.0,0.0,0.0
2025-07-03,0.0,0.0,0.119092,0.368478,0.0,0.014739,0.222561,0.0,0.27513,0.0,0.0,0.0,0.0,0.0,0.0,0.0
2025-07-04,0.0,0.0,0.119092,0.368478,0.0,0.014739,0.222561,0.0,0.27513,0.0,0.0,0.0,0.0,0.0,0.0,0.0
2025-07-07,0.0,0.0,0.119092,0.368478,0.0,0.014739,0.222561,0.0,0.27513,0.0,0.0,0.0,0.0,0.0,0.0,0.0
2025-07-08,0.0,0.0,0.141957,0.411207,0.0,0.017569,0.265291,0.0,0.163977,0.0,0.0,0.0,0.0,0.0,0.0,0.0
2025-07-09,0.0,0.0,0.119092,0.368478,0.0,0.014739,0.222561,0.0,0.27513,0.0,0.0,0.0,0.0,0.0,0.0,0.0
2025-07-10,0.0,0.0,0.137774,0.337615,0.0,0.017051,0.257474,0.0,0.250085,0.0,0.0,0.0,0.0,0.0,1e-06,0.0
2025-07-11,0.0,0.0,0.137774,0.337615,0.0,0.017051,0.257474,0.0,0.250085,0.0,0.0,0.0,0.0,0.0,1e-06,0.0
2025-07-14,0.0,0.0,0.137774,0.337615,0.0,0.017051,0.257474,0.0,0.250085,0.0,0.0,0.0,0.0,0.0,1e-06,0.0
2025-07-15,0.0,0.0,0.137774,0.337615,0.0,0.017051,0.257474,0.0,0.250085,0.0,0.0,0.0,0.0,0.0,1e-06,0.0
2025-07-16,0.0,0.0,0.137774,0.337615,0.0,0.017051,0.257474,0.0,0.250085,0.0,0.0,0.0,0.0,0.0,1e-06,0.0
2025-07-17,0.0,0.0,0.172778,0.406683,0.0,0.042767,0.0,0.0,0.313623,0.0,0.0,0.06415,0.0,0.0,0.0,0.0
2025-07-18,0.0,0.0,0.172778,0.406683,0.0,0.042767,0.0,0.0,0.313623,0.0,0.0,0.06415,0.0,0.0,0.0,0.0
2025-07-21,0.0,0.0,0.172778,0.406683,0.0,0.042767,0.0,0.0,0.313623,0.0,0.0,0.06415,0.0,0.0,0.0,0.0
2025-07-22,0.0,0.0,0.172778,0.406683,0.0,0.042767,0.0,0.0,0.313623,0.0,0.0,0.06415,0.0,0.0,0.0,0.0
2025-07-23,0.0,0.0,0.172778,0.406683,0.0,0.042767,0.0,0.0,0.313623,0.0,0.0,0.06415,0.0,0.0,0.0,0.0
2025-07-24,0.0,0.0,0.172778,0.406683,0.0,0.042767,0.0,0.0,0.313623,0.0,0.0,0.06415,0.0,0.0,0.0,0.0
2025-07-25,0.0,0.0,0.172778,0.406683,0.0,0.042767,0.0,0.0,0.313623,0.0,0.0,0.06415,0.0,0.0,0.0,0.0
2025-07-28,0.0,0.0,0.172778,0.406683,0.0,0.042767,0.0,0.0,0.313623,0.0,0.0,0.06415,0.0,0.0,0.0,0.0
2025-07-29,0.0,0.0,0.172778,0.406683,0.0,0.042767,0.0,0.0,0.313623,0.0,0.0,0.06415,0.0,0.0,0.0,0.0
2025-07-30,0.0,0.0,0.172778,0.406683,0.0,0.042767,0.0,0.0,0.313623,0.0,0.0,0.06415,0.0,0.0,0.0,0.0
2025-07-31,0.0,0.0,0.172778,0.406683,0.0,0.042767,0.0,0.0,0.313623,0.0,0.0,0.06415,0.0,0.0,0.0,0.0
2025-08-01,0.0,0.0,0.172778,0.406683,0.0,0.042767,0.0,0.0,0.313623,0.0,0.0,0.06415,0.0,0.0,0.0,0.0
2025-08-04,0.0,0.0,0.23331,0.449064,0.0,0.05775,0.0,0.0,0.17325,0.0,0.0,0.086625,0.0,0.0,1e-06,0.0
2025-08-05,0.0,0.0,0.172778,0.406683,0.0,0.042767,0.0,0.0,0.313623,0.0,0.0,0.06415,0.0,0.0,0.0,0.0
2025-08-06,0.0,0.0,0.172778,0.406683,0.0,0.042767,0.0,0.0,0.313623,0.0,0.0,0.06415,0.0,0.0,0.0,0.0
2025-08-07,0.0,0.0,0.172778,0.406683,0.0,0.042767,0.0,0.0,0.313623,0.0,0.0,0.06415,0.0,0.0,0.0,0.0
2025-08-08,0.0,0.0,0.172778,0.406683,0.0,0.042767,0.0,0.0,0.313623,0.0,0.0,0.06415,0.0,0.0,0.0,0.0
2025-08-11,0.0,0.0,0.23331,0.449064,0.0,0.05775,0.0,0.0,0.17325,0.0,0.0,0.086625,0.0,0.0,1e-06,0.0
2025-08-12,0.0,0.0,0.23331,0.449064,0.0,0.05775,0.0,0.0,0.17325,0.0,0.0,0.086625,0.0,0.0,1e-06,0.0
2025-08-13,0.0,0.0,0.23331,0.449064,0.0,0.05775,0.0,0.0,0.17325,0.0,0.0,0.086625,0.0,0.0,1e-06,0.0
2025-08-14,0.0,0.0,0.172778,0.406683,0.0,0.042767,0.0,0.0,0.313623,0.0,0.0,0.06415,0.0,0.0,0.0,0.0
2025-08-15,0.0,0.0,0.23331,0.449064,0.0,0.05775,0.0,0.0,0.17325,0.0,0.0,0.086625,0.0,0.0,1e-06,0.0
2025-08-18,0.0,0.0,0.23331,0.449064,0.0,0.05775,0.0,0.0,0.17325,0.0,0.0,0.086625,0.0,0.0,1e-06,0.0
2025-08-19,0.0,0.0,0.23331,0.449064,0.0,0.05775,0.0,0.0,0.17325,0.0,0.0,0.086625,0.0,0.0,1e-06,0.0
2025-08-20,0.0,0.0,0.23331,0.449064,0.0,0.05775,0.0,0.0,0.17325,0.0,0.0,0.086625,0.0,0.0,1e-06,0.0
2025-08-21,0.0,0.0,0.23331,0.449064,0.0,0.05775,0.0,0.0,0.17325,0.0,0.0,0.086625,0.0,0.0,1e-06,0.0
2025-08-22,0.0,0.0,0.23331,0.449064,0.0,0.05775,0.0,0.0,0.17325,0.0,0.0,0.086625,0.0,0.0,1e-06,0.0
2025-08-25,0.0,0.0,0.172778,0.406683,0.0,0.042767,0.0,0.0,0.313623,0.0,0.0,0.06415,0.0,0.0,0.0,0.0
2025-08-26,0.0,0.0,0.23331,0.449064,0.0,0.05775,0.0,0.0,0.17325,0.0,0.0,0.086625,0.0,0.0,1e-06,0.0
2025-08-27,0.0,0.0,0.23331,0.449064,0.0,0.05775,0.0,0.0,0.17325,0.0,0.0,0.086625,0.0,0.0,1e-06,0.0
2025-08-28,0.0,0.0,0.172778,0.406683,0.0,0.042767,0.0,0.0,0.313623,0.0,0.0,0.06415,0.0,0.0,0.0,0.0
2025-08-29,0.0,0.0,0.172778,0.406683,0.0,0.042767,0.0,0.0,0.313623,0.0,0.0,0.06415,0.0,0.0,0.0,0.0
2025-09-01,0.0,0.0,0.172778,0.406683,0.0,0.042767,0.0,0.0,0.313623,0.0,0.0,0.06415,0.0,0.0,0.0,0.0
2025-09-02,0.0,0.0,0.172778,0.406683,0.0,0.042767,0.0,0.0,0.313623,0.0,0.0,0.06415,0.0,0.0,0.0,0.0
2025-09-03,0.0,0.0,0.172778,0.406683,0.0,0.042767,0.0,0.0,0.313623,0.0,0.0,0.06415,0.0,0.0,0.0,0.0
2025-09-04,0.0,0.0,0.172778,0.406683,0.0,0.042767,0.0,0.0,0.313623,0.0,0.0,0.06415,0.0,0.0,0.0,0.0
2025-09-05,0.0,0.0,0.172778,0.406683,0.0,0.042767,0.0,0.0,0.313623,0.0,0.0,0.06415,0.0,0.0,0.0,0.0
2025-09-08,0.0,0.0,0.172778,0.406683,0.0,0.042767,0.0,0.0,0.313623,0.0,0.0,0.06415,0.0,0.0,0.0,0.0
2025-09-09,0.0,0.0,0.172778,0.406683,0.0,0.042767,0.0,0.0,0.313623,0.0,0.0,0.06415,0.0,0.0,0.0,0.0
2025-09-10,0.0,0.0,0.23331,0.449064,0.0,0.05775,0.0,0.0,0.17325,0.0,0.0,0.086625,0.0,0.0,1e-06,0.0
2025-09-11,0.0,0.0,0.23331,0.449064,0.0,0.05775,0.0,0.0,0.17325,0.0,0.0,0.086625,0.0,0.0,1e-06,0.0
2025-09-12,0.0,0.0,0.172778,0.406683,0.0,0.042767,0.0,0.0,0.313623,0.0,0.0,0.06415,0.0,0.0,0.0,0.0
2025-09-15,0.0,0.0,0.172778,0.406683,0.0,0.042767,0.0,0.0,0.313623,0.0,0.0,0.06415,0.0,0.0,0.0,0.0
2025-09-16,0.0,0.0,0.172778,0.406683,0.0,0.042767,0.0,0.0,0.313623,0.0,0.0,0.06415,0.0,0.0,0.0,0.0
2025-09-17,0.0,0.0,0.172778,0.406683,0.0,0.042767,0.0,0.0,0.313623,0.0,0.0,0.06415,0.0,0.0,0.0,0.0
2025-09-18,0.0,0.0,0.172778,0.406683,0.0,0.042767,0.0,0.0,0.313623,0.0,0.0,0.06415,0.0,0.0,0.0,0.0
2025-09-19,0.0,0.0,0.172778,0.406683,0.0,0.042767,0.0,0.0,0.313623,0.0,0.0,0.06415,0.0,0.0,0.0,0.0
2025-09-22,0.0,0.0,0.172778,0.406683,0.0,0.042767,0.0,0.0,0.313623,0.0,0.0,0.06415,0.0,0.0,0.0,0.0
2025-09-23,0.0,0.0,0.172778,0.406683,0.0,0.042767,0.0,0.0,0.313623,0.0,0.0,0.06415,0.0,0.0,0.0,0.0
2025-09-24,0.0,0.0,0.172778,0.406683,0.0,0.042767,0.0,0.0,0.313623,0.0,0.0,0.06415,0.0,0.0,0.0,0.0
2025-09-25,0.0,0.0,0.172778,0.406683,0.0,0.042767,0.0,0.0,0.313623,0.0,0.0,0.06415,0.0,0.0,0.0,0.0
2025-09-26,0.0,0.0,0.172778,0.406683,0.0,0.042767,0.0,0.0,0.313623,0.0,0.0,0.06415,0.0,0.0,0.0,0.0
2025-09-29,0.0,0.0,0.172778,0.406683,0.0,0.042767,0.0,0.0,0.313623,0.0,0.0,0.06415,0.0,0.0,0.0,0.0
2025-09-30,0.0,0.0,0.172778,0.406683,0.0,0.042767,0.0,0.0,0.313623,0.0,0.0,0.06415,0.0,0.0,0.0,0.0
2025-10-01,0.0,0.0,0.172778,0.406683,0.0,0.042767,0.0,0.0,0.313623,0.0,0.0,0.06415,0.0,0.0,0.0,0.0
2025-10-02,0.0,0.0,0.172778,0.406683,0.0,0.042767,0.0,0.0,0.313623,0.0,0.0,0.06415,0.0,0.0,0.0,0.0
2025-10-03,0.0,0.0,0.172778,0.406683,0.0,0.042767,0.0,0.0,0.313623,0.0,0.0,0.06415,0.0,0.0,0.0,0.0
2025-10-06,0.0,0.0,0.172778,0.406683,0.0,0.042767,0.0,0.0,0.313623,0.0,0.0,0.06415,0.0,0.0,0.0,0.0
2025-10-07,0.0,0.0,0.172778,0.406683,0.0,0.042767,0.0,0.0,0.313623,0.0,0.0,0.06415,0.0,0.0,0.0,0.0
2025-10-08,0.0,0.0,0.172778,0.406683,0.0,0.042767,0.0,0.0,0.313623,0.0,0.0,0.06415,0.0,0.0,0.0,0.0
2025-10-09,0.0,0.0,0.172778,0.406683,0.0,0.042767,0.0,0.0,0.313623,0.0,0.0,0.06415,0.0,0.0,0.0,0.0
2025-10-10,0.0,0.0,0.172778,0.406683,0.0,0.042767,0.0,0.0,0.313623,0.0,0.0,0.06415,0.0,0.0,0.0,0.0
2025-10-13,0.0,0.0,0.172778,0.406683,0.0,0.042767,0.0,0.0,0.313623,0.0,0.0,0.06415,0.0,0.0,0.0,0.0
2025-10-14,0.070666,0.0,0.0,0.41897,0.0,0.023555,0.0,0.0,0.345477,0.070666,0.0,0.070666,0.0,0.0,0.0,0.0
2025-10-15,0.070666,0.0,0.0,0.41897,0.0,0.023555,0.0,0.0,0.345477,0.070666,0.0,0.070666,0.0,0.0,0.0,0.0
2025-10-16,0.070666,0.0,0.0,0.41897,0.0,0.023555,0.0,0.0,0.345477,0.070666,0.0,0.070666,0.0,0.0,0.0,0.0
2025-10-17,0.070666,0.0,0.0,0.41897,0.0,0.023555,0.0,0.0,0.345477,0.070666,0.0,0.070666,0.0,0.0,0.0,0.0
2025-10-20,0.070666,0.0,0.0,0.41897,0.0,0.023555,0.0,0.0,0.345477,0.070666,0.0,0.070666,0.0,0.0,0.0,0.0
2025-10-21,0.070666,0.0,0.0,0.41897,0.0,0.023555,0.0,0.0,0.345477,0.070666,0.0,0.070666,0.0,0.0,0.0,0.0
2025-10-22,0.070666,0.0,0.0,0.41897,0.0,0.023555,0.0,0.0,0.345477,0.070666,0.0,0.070666,0.0,0.0,0.0,0.0
2025-10-23,0.070666,0.0,0.0,0.41897,0.0,0.023555,0.0,0.0,0.345477,0.070666,0.0,0.070666,0.0,0.0,0.0,0.0
2025-10-24,0.098945,0.0,0.0,0.472296,0.0,0.032982,0.0,0.0,0.197889,0.098945,0.0,0.098945,0.0,0.0,0.0,0.0
2025-10-27,0.098945,0.0,0.0,0.472296,0.0,0.032982,0.0,0.0,0.197889,0.098945,0.0,0.098945,0.0,0.0,0.0,0.0
2025-10-28,0.098945,0.0,0.0,0.472296,0.0,0.032982,0.0,0.0,0.197889,0.098945,0.0,0.098945,0.0,0.0,0.0,0.0
2025-10-29,0.098945,0.0,0.0,0.472296,0.0,0.032982,0.0,0.0,0.197889,0.098945,0.0,0.098945,0.0,0.0,0.0,0.0
2025-10-30,0.098945,0.0,0.0,0.472296,0.0,0.032982,0.0,0.0,0.197889,0.098945,0.0,0.098945,0.0,0.0,0.0,0.0
2025-10-31,0.098945,0.0,0.0,0.472296,0.0,0.032982,0.0,0.0,0.197889,0.098945,0.0,0.098945,0.0,0.0,0.0,0.0
2025-11-03,0.098945,0.0,0.0,0.472296,0.0,0.032982,0.0,0.0,0.197889,0.098945,0.0,0.098945,0.0,0.0,0.0,0.0
2025-11-04,0.098945,0.0,0.0,0.472296,0.0,0.032982,0.0,0.0,0.197889,0.098945,0.0,0.098945,0.0,0.0,0.0,0.0
2025-11-05,0.098945,0.0,0.0,0.472296,0.0,0.032982,0.0,0.0,0.197889,0.098945,0.0,0.098945,0.0,0.0,0.0,0.0
2025-11-06,0.098945,0.0,0.0,0.472296,0.0,0.032982,0.0,0.0,0.197889,0.098945,0.0,0.098945,0.0,0.0,0.0,0.0
2025-11-07,0.098945,0.0,0.0,0.472296,0.0,0.032982,0.0,0.0,0.197889,0.098945,0.0,0.098945,0.0,0.0,0.0,0.0
2025-11-10,0.098945,0.0,0.0,0.472296,0.0,0.032982,0.0,0.0,0.197889,0.098945,0.0,0.098945,0.0,0.0,0.0,0.0
2025-11-11,0.098945,0.0,0.0,0.472296,0.0,0.032982,0.0,0.0,0.197889,0.098945,0.0,0.098945,0.0,0.0,0.0,0.0
2025-11-12,0.098945,0.0,0.0,0.472296,0.0,0.032982,0.0,0.0,0.197889,0.098945,0.0,0.098945,0.0,0.0,0.0,0.0
2025-11-13,0.070666,0.0,0.0,0.41897,0.0,0.023555,0.0,0.0,0.345477,0.070666,0.0,0.070666,0.0,0.0,0.0,0.0
2025-11-14,0.103734,0.0,0.0,0.481328,0.0,0.0,0.0,0.0,0.207469,0.103734,0.0,0.103734,0.0,0.0,1e-06,0.0
2025-11-17,0.073076,0.0,0.0,0.423514,0.0,0.0,0.0,0.0,0.357259,0.073076,0.0,0.073076,0.0,0.0,0.0,0.0
2025-11-18,0.073076,0.0,0.0,0.423514,0.0,0.0,0.0,0.0,0.357259,0.073076,0.0,0.073076,0.0,0.0,0.0,0.0
2025-11-19,0.073076,0.0,0.0,0.423514,0.0,0.0,0.0,0.0,0.357259,0.073076,0.0,0.073076,0.0,0.0,0.0,0.0
2025-11-20,0.073076,0.0,0.0,0.423514,0.0,0.0,0.0,0.0,0.357259,0.073076,0.0,0.073076,0.0,0.0,0.0,0.0
2025-11-21,0.073076,0.0,0.0,0.423514,0.0,0.0,0.0,0.0,0.357259,0.073076,0.0,0.073076,0.0,0.0,0.0,0.0
2025-11-24,0.073076,0.0,0.0,0.423514,0.0,0.0,0.0,0.0,0.357259,0.073076,0.0,0.073076,0.0,0.0,0.0,0.0
2025-11-25,0.073076,0.0,0.0,0.423514,0.0,0.0,0.0,0.0,0.357259,0.073076,0.0,0.073076,0.0,0.0,0.0,0.0
2025-11-26,0.073076,0.0,0.0,0.423514,0.0,0.0,0.0,0.0,0.357259,0.073076,0.0,0.073076,0.0,0.0,0.0,0.0
2025-11-27,0.073076,0.0,0.0,0.423514,0.0,0.0,0.0,0.0,0.357259,0.073076,0.0,0.073076,0.0,0.0,0.0,0.0
2025-11-28,0.073076,0.0,0.0,0.423514,0.0,0.0,0.0,0.0,0.357259,0.073076,0.0,0.073076,0.0,0.0,0.0,0.0
2025-12-01,0.073076,0.0,0.0,0.423514,0.0,0.0,0.0,0.0,0.357259,0.073076,0.0,0.073076,0.0,0.0,0.0,0.0
2025-12-02,0.073076,0.0,0.0,0.423514,0.0,0.0,0.0,0.0,0.357259,0.073076,0.0,0.073076,0.0,0.0,0.0,0.0
2025-12-03,0.073076,0.0,0.0,0.423514,0.0,0.0,0.0,0.0,0.357259,0.073076,0.0,0.073076,0.0,0.0,0.0,0.0
2025-12-04,0.073076,0.0,0.0,0.423514,0.0,0.0,0.0,0.0,0.357259,0.073076,0.0,0.073076,0.0,0.0,0.0,0.0
2025-12-05,0.073076,0.0,0.0,0.423514,0.0,0.0,0.0,0.0,0.357259,0.073076,0.0,0.073076,0.0,0.0,0.0,0.0
2025-12-08,0.073076,0.0,0.0,0.423514,0.0,0.0,0.0,0.0,0.357259,0.073076,0.0,0.073076,0.0,0.0,0.0,0.0
2025-12-09,0.073076,0.0,0.0,0.423514,0.0,0.0,0.0,0.0,0.357259,0.073076,0.0,0.073076,0.0,0.0,0.0,0.0
2025-12-10,0.073076,0.0,0.0,0.423514,0.0,0.0,0.0,0.0,0.357259,0.073076,0.0,0.073076,0.0,0.0,0.0,0.0
2025-12-11,0.0,0.192732,0.0,0.385464,0.0,0.019468,0.0,0.0,0.285529,0.058404,0.0,0.058404,0.0,0.0,0.0,0.0
2025-12-12,0.0,0.192732,0.0,0.385464,0.0,0.019468,0.0,0.0,0.285529,0.058404,0.0,0.058404,0.0,0.0,0.0,0.0
2025-12-15,0.0,0.192732,0.0,0.385464,0.0,0.019468,0.0,0.0,0.285529,0.058404,0.0,0.058404,0.0,0.0,0.0,0.0
2025-12-16,0.0,0.192732,0.0,0.385464,0.0,0.019468,0.0,0.0,0.285529,0.058404,0.0,0.058404,0.0,0.0,0.0,0.0
2025-12-17,0.0,0.192732,0.0,0.385464,0.0,0.019468,0.0,0.0,0.285529,0.058404,0.0,0.058404,0.0,0.0,0.0,0.0
2025-12-18,0.0,0.192732,0.0,0.385464,0.0,0.019468,0.0,0.0,0.285529,0.058404,0.0,0.058404,0.0,0.0,0.0,0.0
2025-12-19,0.0,0.192732,0.0,0.385464,0.0,0.019468,0.0,0.0,0.285529,0.058404,0.0,0.058404,0.0,0.0,0.0,0.0
2025-12-22,0.0,0.192732,0.0,0.385464,0.0,0.019468,0.0,0.0,0.285529,0.058404,0.0,0.058404,0.0,0.0,0.0,0.0
2025-12-23,0.0,0.192732,0.0,0.385464,0.0,0.019468,0.0,0.0,0.285529,0.058404,0.0,0.058404,0.0,0.0,0.0,0.0
2025-12-24,0.0,0.192732,0.0,0.385464,0.0,0.019468,0.0,0.0,0.285529,0.058404,0.0,0.058404,0.0,0.0,0.0,0.0
2025-12-26,0.0,0.192732,0.0,0.385464,0.0,0.019468,0.0,0.0,0.285529,0.058404,0.0,0.058404,0.0,0.0,0.0,0.0
2025-12-29,0.0,0.192732,0.0,0.385464,0.0,0.019468,0.0,0.0,0.285529,0.058404,0.0,0.058404,0.0,0.0,0.0,0.0
2025-12-30,0.0,0.192732,0.0,0.385464,0.0,0.019468,0.0,0.0,0.285529,0.058404,0.0,0.058404,0.0,0.0,0.0,0.0
2025-12-31,0.0,0.192732,0.0,0.385464,0.0,0.019468,0.0,0.0,0.285529,0.058404,0.0,0.058404,0.0,0.0,0.0,0.0
2026-01-02,0.0,0.192732,0.0,0.385464,0.0,0.019468,0.0,0.0,0.285529,0.058404,0.0,0.058404,0.0,0.0,0.0,0.0
2026-01-05,0.0,0.192732,0.0,0.385464,0.0,0.019468,0.0,0.0,0.285529,0.058404,0.0,0.058404,0.0,0.0,0.0,0.0
2026-01-06,0.0,0.33529,0.0,0.0,0.0,0.033868,0.0,0.0,0.427636,0.101603,0.0,0.101603,0.0,0.0,0.0,0.0
2026-01-07,0.0,0.33529,0.0,0.0,0.0,0.033868,0.0,0.0,0.427636,0.101603,0.0,0.101603,0.0,0.0,0.0,0.0
2026-01-08,0.0,0.33529,0.0,0.0,0.0,0.033868,0.0,0.0,0.427636,0.101603,0.0,0.101603,0.0,0.0,0.0,0.0
2026-01-09,0.0,0.33529,0.0,0.0,0.0,0.033868,0.0,0.0,0.427636,0.101603,0.0,0.101603,0.0,0.0,0.0,0.0
2026-01-12,0.0,0.33529,0.0,0.0,0.0,0.033868,0.0,0.0,0.427636,0.101603,0.0,0.101603,0.0,0.0,0.0,0.0
2026-01-13,0.0,0.212842,0.042998,0.407338,0.0,0.021499,0.0,0.0,0.315322,0.0,0.0,0.0,0.0,0.0,1e-06,0.0
2026-01-14,0.0,0.212842,0.042998,0.407338,0.0,0.021499,0.0,0.0,0.315322,0.0,0.0,0.0,0.0,0.0,1e-06,0.0
2026-01-15,0.0,0.212842,0.042998,0.407338,0.0,0.021499,0.0,0.0,0.315322,0.0,0.0,0.0,0.0,0.0,1e-06,0.0
2026-01-16,0.0,0.212842,0.042998,0.407338,0.0,0.021499,0.0,0.0,0.315322,0.0,0.0,0.0,0.0,0.0,1e-06,0.0
2026-01-19,0.0,0.212842,0.042998,0.407338,0.0,0.021499,0.0,0.0,0.315322,0.0,0.0,0.0,0.0,0.0,1e-06,0.0
2026-01-20,0.0,0.212842,0.042998,0.407338,0.0,0.021499,0.0,0.0,0.315322,0.0,0.0,0.0,0.0,0.0,1e-06,0.0
2026-01-21,0.0,0.212842,0.042998,0.407338,0.0,0.021499,0.0,0.0,0.315322,0.0,0.0,0.0,0.0,0.0,1e-06,0.0
2026-01-22,0.0,0.212842,0.042998,0.407338,0.0,0.021499,0.0,0.0,0.315322,0.0,0.0,0.0,0.0,0.0,1e-06,0.0
2026-01-23,0.0,0.212842,0.042998,0.407338,0.0,0.021499,0.0,0.0,0.315322,0.0,0.0,0.0,0.0,0.0,1e-06,0.0
2026-01-26,0.0,0.212842,0.042998,0.407338,0.0,0.021499,0.0,0.0,0.315322,0.0,0.0,0.0,0.0,0.0,1e-06,0.0
2026-01-27,0.0,0.212842,0.042998,0.407338,0.0,0.021499,0.0,0.0,0.315322,0.0,0.0,0.0,0.0,0.0,1e-06,0.0
2026-01-28,0.0,0.212842,0.042998,0.407338,0.0,0.021499,0.0,0.0,0.315322,0.0,0.0,0.0,0.0,0.0,1e-06,0.0
2026-01-29,0.0,0.212842,0.042998,0.407338,0.0,0.021499,0.0,0.0,0.315322,0.0,0.0,0.0,0.0,0.0,1e-06,0.0
2026-01-30,0.0,0.212842,0.042998,0.407338,0.0,0.021499,0.0,0.0,0.315322,0.0,0.0,0.0,0.0,0.0,1e-06,0.0
2026-02-02,0.0,0.212842,0.042998,0.407338,0.0,0.021499,0.0,0.0,0.315322,0.0,0.0,0.0,0.0,0.0,1e-06,0.0
2026-02-03,0.0,0.212842,0.042998,0.407338,0.0,0.021499,0.0,0.0,0.315322,0.0,0.0,0.0,0.0,0.0,1e-06,0.0
2026-02-04,0.0,0.287958,0.058173,0.450262,0.0,0.029087,0.0,0.0,0.17452,0.0,0.0,0.0,0.0,0.0,0.0,0.0
2026-02-05,0.0,0.212842,0.042998,0.407338,0.0,0.021499,0.0,0.0,0.315322,0.0,0.0,0.0,0.0,0.0,1e-06,0.0
2026-02-06,0.0,0.287958,0.058173,0.450262,0.0,0.029087,0.0,0.0,0.17452,0.0,0.0,0.0,0.0,0.0,0.0,0.0
2026-02-09,0.0,0.287958,0.058173,0.450262,0.0,0.029087,0.0,0.0,0.17452,0.0,0.0,0.0,0.0,0.0,0.0,0.0
2026-02-10,0.0,0.287958,0.058173,0.450262,0.0,0.029087,0.0,0.0,0.17452,0.0,0.0,0.0,0.0,0.0,0.0,0.0
2026-02-11,0.0,0.0,0.0625,0.4625,0.25625,0.03125,0.0,0.0,0.1875,0.0,0.0,0.0,0.0,0.0,0.0,0.0
2026-02-12,0.0,0.0,0.0625,0.4625,0.25625,0.03125,0.0,0.0,0.1875,0.0,0.0,0.0,0.0,0.0,0.0,0.0
2026-02-13,0.0,0.0,0.0625,0.4625,0.25625,0.03125,0.0,0.0,0.1875,0.0,0.0,0.0,0.0,0.0,0.0,0.0
2026-02-16,0.0,0.0,0.0625,0.4625,0.25625,0.03125,0.0,0.0,0.1875,0.0,0.0,0.0,0.0,0.0,0.0,0.0
2026-02-17,0.0,0.0,0.0625,0.4625,0.25625,0.03125,0.0,0.0,0.1875,0.0,0.0,0.0,0.0,0.0,0.0,0.0
2026-02-18,0.0,0.0,0.0625,0.4625,0.25625,0.03125,0.0,0.0,0.1875,0.0,0.0,0.0,0.0,0.0,0.0,0.0
2026-02-19,0.0,0.0,0.0625,0.4625,0.25625,0.03125,0.0,0.0,0.1875,0.0,0.0,0.0,0.0,0.0,0.0,0.0
2026-02-20,0.0,0.0,0.0625,0.4625,0.25625,0.03125,0.0,0.0,0.1875,0.0,0.0,0.0,0.0,0.0,0.0,0.0
2026-02-23,0.0,0.0,0.0625,0.4625,0.25625,0.03125,0.0,0.0,0.1875,0.0,0.0,0.0,0.0,0.0,0.0,0.0
2026-02-24,0.0,0.0,0.0625,0.4625,0.25625,0.03125,0.0,0.0,0.1875,0.0,0.0,0.0,0.0,0.0,0.0,0.0
2026-02-25,0.0,0.0,0.0625,0.4625,0.25625,0.03125,0.0,0.0,0.1875,0.0,0.0,0.0,0.0,0.0,0.0,0.0
2026-02-26,0.0,0.0,0.0625,0.4625,0.25625,0.03125,0.0,0.0,0.1875,0.0,0.0,0.0,0.0,0.0,0.0,0.0
2026-02-27,0.0,0.0,0.0625,0.4625,0.25625,0.03125,0.0,0.0,0.1875,0.0,0.0,0.0,0.0,0.0,0.0,0.0
2026-03-02,0.0,0.0,0.045317,0.413897,0.185801,0.022659,0.0,0.0,0.332326,0.0,0.0,0.0,0.0,0.0,0.0,0.0
2026-03-03,0.0,0.0,0.0625,0.4625,0.25625,0.03125,0.0,0.0,0.1875,0.0,0.0,0.0,0.0,0.0,0.0,0.0
2026-03-04,0.0,0.0,0.0625,0.4625,0.25625,0.03125,0.0,0.0,0.1875,0.0,0.0,0.0,0.0,0.0,0.0,0.0
2026-03-05,0.0,0.0,0.0625,0.4625,0.25625,0.03125,0.0,0.0,0.1875,0.0,0.0,0.0,0.0,0.0,0.0,0.0
2026-03-06,0.0,0.0,0.038511,0.381258,0.157895,0.019255,0.0,0.0,0.403081,0.0,0.0,0.0,0.0,0.0,0.0,0.0
2026-03-09,0.0,0.0,0.0,0.0,0.0,0.0,0.0,0.0,0.0,0.0,0.0,0.0,0.0,0.0,1.0,0.0
2026-03-10,0.0,0.0,0.0,0.0,0.0,0.0,0.0,0.0,0.0,0.0,0.0,0.0,0.0,0.0,1.0,0.0
2026-03-11,0.0,0.0,0.0,0.0,0.0,0.0,0.0,0.0,0.0,0.0,0.0,0.0,0.0,0.0,1.0,0.0
2026-03-12,0.0,0.0,0.0,0.0,0.0,0.0,0.0,0.0,0.0,0.0,0.0,0.0,0.0,0.0,1.0,0.0
2026-03-13,0.0,0.0,0.0,0.0,0.0,0.0,0.0,0.0,0.0,0.0,0.5,0.0,0.5,0.0,0.0,0.0
2026-03-16,0.0,0.0,0.0,0.0,0.0,0.0,0.0,0.0,0.0,0.0,0.150421,0.0,0.849579,0.0,0.0,0.0
2026-03-17,0.0,0.0,0.0,0.0,0.0,0.0,0.0,0.0,0.0,0.0,0.150421,0.0,0.849579,0.0,0.0,0.0
2026-03-18,0.0,0.0,0.0,0.0,0.0,0.0,0.0,0.0,0.0,0.0,0.150421,0.0,0.849579,0.0,0.0,0.0
2026-03-19,0.0,0.0,0.0,0.0,0.0,0.0,0.0,0.0,0.0,0.0,0.0,0.0,1.0,0.0,0.0,0.0
2026-03-20,0.0,0.0,0.0,0.0,0.0,0.0,0.0,0.0,0.0,0.0,0.5,0.0,0.5,0.0,0.0,0.0
2026-03-23,0.0,0.0,0.0,0.0,0.0,0.0,0.0,0.0,0.0,0.0,0.5,0.0,0.5,0.0,0.0,0.0
2026-03-24,0.0,0.0,0.0,0.0,0.0,0.0,0.0,0.0,0.0,0.0,0.5,0.0,0.5,0.0,0.0,0.0
2026-03-25,0.0,0.0,0.0,0.0,0.0,0.0,0.0,0.0,0.0,0.0,0.5,0.0,0.5,0.0,0.0,0.0
2026-03-26,0.0,0.0,0.0,0.0,0.0,0.0,0.0,0.0,0.0,0.0,0.5,0.0,0.5,0.0,0.0,0.0
2026-03-27,0.0,0.0,0.0,0.0,0.0,0.0,0.0,0.0,0.0,0.0,0.5,0.0,0.5,0.0,0.0,0.0
2026-03-30,0.0,0.0,0.0,0.0,0.0,0.0,0.0,0.0,0.0,0.0,0.150421,0.0,0.849579,0.0,0.0,0.0
2026-03-31,0.0,0.0,0.0,0.0,0.0,0.0,0.0,0.0,0.0,0.0,0.0,0.0,1.0,0.0,0.0,0.0
2026-04-01,0.0,0.0,0.0,0.0,0.0,0.0,0.0,0.0,0.0,0.0,0.0,0.0,1.0,0.0,0.0,0.0
2026-04-02,0.0,0.0,0.0,0.0,0.0,0.0,0.0,0.0,0.0,0.0,0.0,0.0,1.0,0.0,0.0,0.0
2026-04-03,0.0,0.0,0.0,0.0,0.0,0.0,0.0,0.0,0.0,0.0,1.0,0.0,0.0,0.0,0.0,0.0
2026-04-06,0.0,0.0,0.0,0.0,0.0,0.0,0.0,0.0,0.0,0.0,1.0,0.0,0.0,0.0,0.0,0.0
2026-04-07,0.0,0.0,0.0,0.0,0.0,0.0,0.0,0.0,0.0,0.0,1.0,0.0,0.0,0.0,0.0,0.0
2026-04-08,0.0,0.0,0.0,0.0,0.0,0.0,0.0,0.0,0.0,0.0,1.0,0.0,0.0,0.0,0.0,0.0
2026-04-09,0.0,0.0,0.0,0.0,0.0,0.0,0.0,0.0,0.0,0.0,1.0,0.0,0.0,0.0,0.0,0.0
2026-04-10,0.0,0.0,0.0,0.0,0.0,0.0,0.0,0.0,0.0,0.0,0.621849,0.0,0.378151,0.0,0.0,0.0
2026-04-13,0.0,0.0,0.0,0.0,0.0,0.0,0.0,0.0,0.0,0.0,0.621849,0.0,0.378151,0.0,0.0,0.0
2026-04-14,0.0,0.0,0.0,0.0,0.0,0.0,0.0,0.0,0.0,0.0,0.621849,0.0,0.378151,0.0,0.0,0.0
2026-04-15,0.0,0.0,0.0,0.0,0.0,0.0,0.0,0.0,0.0,0.0,0.621849,0.0,0.378151,0.0,0.0,0.0
2026-04-16,0.0,0.0,0.0,0.0,0.0,0.0,0.0,0.0,0.0,0.0,0.621849,0.0,0.378151,0.0,0.0,0.0
2026-04-17,0.0,0.0,0.0,0.0,0.0,0.0,0.0,0.0,0.0,0.0,0.621849,0.0,0.378151,0.0,0.0,0.0
2026-04-20,0.0,0.0,0.0,0.0,0.0,0.0,0.0,0.0,0.0,0.0,0.621849,0.0,0.378151,0.0,0.0,0.0
2026-04-21,0.0,0.0,0.0,0.0,0.0,0.0,0.0,0.0,0.0,0.0,0.621849,0.0,0.378151,0.0,0.0,0.0
2026-04-22,0.0,0.0,0.0,0.0,0.0,0.0,0.0,0.0,0.0,0.0,0.621849,0.0,0.378151,0.0,0.0,0.0
2026-04-23,0.0,0.0,0.0,0.0,0.0,0.0,0.0,0.0,0.0,0.0,0.621849,0.0,0.378151,0.0,0.0,0.0
2026-04-24,0.0,0.0,0.0,0.0,0.0,0.0,0.0,0.0,0.0,0.0,0.621849,0.0,0.378151,0.0,0.0,0.0
2026-04-27,0.0,0.0,0.0,0.0,0.0,0.0,0.0,0.0,0.0,0.0,0.621849,0.0,0.378151,0.0,0.0,0.0
2026-04-28,0.0,0.0,0.0,0.0,0.0,0.0,0.0,0.0,0.0,0.0,0.621849,0.0,0.378151,0.0,0.0,0.0
2026-04-29,0.0,0.0,0.0,0.0,0.0,0.0,0.0,0.0,0.0,0.0,0.621849,0.0,0.378151,0.0,0.0,0.0
2026-04-30,0.0,0.0,0.0,0.0,0.0,0.0,0.0,0.0,0.0,0.0,0.621849,0.0,0.378151,0.0,0.0,0.0
2026-05-01,0.0,0.0,0.0,0.0,0.0,0.0,0.0,0.0,0.0,0.0,0.621849,0.0,0.378151,0.0,0.0,0.0
2026-05-02,0.0,0.0,0.0,0.0,0.0,0.0,0.0,0.0,0.0,0.0,0.621849,0.0,0.378151,0.0,0.0,0.0
2026-05-03,0.0,0.0,0.0,0.0,0.0,0.0,0.0,0.0,0.0,0.0,0.621849,0.0,0.378151,0.0,0.0,0.0
2026-05-04,0.0,0.0,0.0,0.0,0.0,0.0,0.0,0.0,0.0,0.0,0.621849,0.0,0.378151,0.0,0.0,0.0
2026-05-05,0.0,0.0,0.0,0.0,0.0,0.0,0.0,0.0,0.0,0.0,0.621849,0.0,0.378151,0.0,0.0,0.0
2026-05-06,0.0,0.0,0.0,0.0,0.0,0.0,0.0,0.0,0.0,0.0,0.621849,0.0,0.378151,0.0,0.0,0.0
2026-05-07,0.0,0.0,0.0,0.0,0.0,0.0,0.0,0.0,0.0,0.0,0.621849,0.0,0.378151,0.0,0.0,0.0
2026-05-08,0.0,0.0,0.0,0.0,0.0,0.0,0.0,0.0,0.0,0.0,0.621849,0.0,0.378151,0.0,0.0,0.0
2026-05-11,0.0,0.0,0.0,0.0,0.0,0.0,0.0,0.0,0.0,0.0,0.621849,0.0,0.378151,0.0,0.0,0.0
2026-05-12,0.0,0.0,0.0,0.0,0.0,0.0,0.0,0.0,0.0,0.0,0.621849,0.0,0.378151,0.0,0.0,0.0
2026-05-13,0.0,0.0,0.0,0.0,0.0,0.0,0.0,0.0,0.0,0.0,0.621849,0.0,0.378151,0.0,0.0,0.0
2026-05-14,0.0,0.0,0.0,0.0,0.0,0.0,0.0,0.0,0.0,0.0,0.621849,0.0,0.378151,0.0,0.0,0.0
2026-05-15,0.0,0.0,0.0,0.0,0.0,0.0,0.0,0.0,0.0,0.0,0.621849,0.0,0.378151,0.0,0.0,0.0
2026-05-20,0.0,0.0,0.0,0.0,0.0,0.0,0.0,0.0,0.0,0.0,0.621849,0.0,0.378151,0.0,0.0,0.0
2026-05-21,0.0,0.0,0.0,0.0,0.0,0.0,0.0,0.0,0.0,0.0,0.621849,0.0,0.378151,0.0,0.0,0.0
2026-05-22,0.0,0.0,0.0,0.0,0.0,0.0,0.0,0.0,0.0,0.0,0.621849,0.0,0.378151,0.0,0.0,0.0
2026-05-25,0.0,0.0,0.0,0.0,0.0,0.0,0.0,0.0,0.0,0.0,0.621849,0.0,0.378151,0.0,0.0,0.0
2026-05-26,0.0,0.0,0.0,0.0,0.0,0.0,0.0,0.0,0.0,0.0,0.621849,0.0,0.378151,0.0,0.0,0.0
2026-05-27,0.0,0.0,0.0,0.0,0.0,0.0,0.0,0.0,0.0,0.0,0.621849,0.0,0.378151,0.0,0.0,0.0
2026-05-28,0.0,0.0,0.0,0.0,0.0,0.0,0.0,0.0,0.0,0.0,0.621849,0.0,0.378151,0.0,0.0,0.0
2026-05-29,0.0,0.0,0.0,0.311921,0.0,0.0,0.0,0.064696,0.35741,0.0,0.201277,0.0,0.064696,0.0,0.0,0.0
2026-06-01,0.0,0.0,0.0,0.437356,0.0,0.0,0.0,0.110083,0.0,0.0,0.342479,0.0,0.110083,0.0,0.0,0.0
2026-06-02,0.0,0.0,0.0,0.0,0.0,0.0,0.0,0.0,0.0,0.0,0.621849,0.0,0.378151,0.0,0.0,0.0
2026-06-03,0.0,0.0,0.0,0.0,0.0,0.0,0.0,0.0,0.0,0.0,0.621849,0.0,0.378151,0.0,0.0,0.0
2026-06-04,0.0,0.0,0.0,0.0,0.0,0.0,0.0,0.0,0.0,0.0,0.621849,0.0,0.378151,0.0,0.0,0.0
2026-06-05,0.0,0.0,0.0,0.229391,0.0,0.0,0.0,0.0,0.262843,0.0,0.167264,0.0,0.053763,0.286738,1e-06,0.0
2026-06-08,0.0,0.0,0.0,0.0,0.0,0.0,0.0,0.0,0.0,0.0,0.384615,0.0,0.615385,0.0,0.0,0.0
2026-06-09,0.0,0.0,0.0,0.0,0.0,0.0,0.0,0.0,0.0,0.0,0.384615,0.0,0.615385,0.0,0.0,0.0
2026-06-10,0.0,0.0,0.0,0.0,0.0,0.0,0.0,0.0,0.0,0.0,0.384615,0.0,0.615385,0.0,0.0,0.0
2026-06-11,0.0,0.0,0.0,0.0,0.0,0.0,0.0,0.0,0.0,0.0,0.384615,0.0,0.615385,0.0,0.0,0.0
2026-06-12,0.0,0.0,0.092421,0.413026,0.0,0.0,0.0,0.0,0.371326,0.0,0.030807,0.0,0.092421,0.0,0.0,0.0
2026-06-15,0.0,0.0,0.192485,0.550867,0.0,0.0,0.0,0.0,0.0,0.0,0.064162,0.0,0.192485,0.0,1e-06,0.0
2026-06-16,0.0,0.0,0.192485,0.550867,0.0,0.0,0.0,0.0,0.0,0.0,0.064162,0.0,0.192485,0.0,1e-06,0.0
2026-06-17,0.0,0.0,0.192485,0.550867,0.0,0.0,0.0,0.0,0.0,0.0,0.064162,0.0,0.192485,0.0,1e-06,0.0
2026-06-18,0.0,0.0,0.211482,0.577036,0.0,0.0,0.0,0.0,0.0,0.0,0.0,0.0,0.211482,0.0,0.0,0.0
2026-06-19,0.0,0.0,0.081189,0.391441,0.221918,0.0,0.0,0.0,0.224263,0.0,0.0,0.0,0.081189,0.0,0.0,0.0
2026-06-22,0.0,0.0,0.081189,0.391441,0.221918,0.0,0.0,0.0,0.224263,0.0,0.0,0.0,0.081189,0.0,0.0,0.0
2026-06-23,0.0,0.0,0.081189,0.391441,0.221918,0.0,0.0,0.0,0.224263,0.0,0.0,0.0,0.081189,0.0,0.0,0.0
2026-06-24,0.0,0.0,0.091093,0.527548,0.154227,0.0,0.0,0.0,0.159169,0.0,0.0,0.0,0.067963,0.0,0.0,0.0
2026-06-25,0.0,0.0,0.091093,0.527548,0.154227,0.0,0.0,0.0,0.159169,0.0,0.0,0.0,0.067963,0.0,0.0,0.0
2026-06-26,0.0,0.0,0.091093,0.527548,0.154227,0.0,0.0,0.0,0.159169,0.0,0.0,0.0,0.067963,0.0,0.0,0.0
2026-06-29,0.0,0.0,0.091093,0.527548,0.154227,0.0,0.0,0.0,0.159169,0.0,0.0,0.0,0.067963,0.0,0.0,0.0
2026-06-30,0.0,0.0,0.091093,0.527548,0.154227,0.0,0.0,0.0,0.159169,0.0,0.0,0.0,0.067963,0.0,0.0,0.0
2026-07-01,0.0,0.0,0.091093,0.527548,0.154227,0.0,0.0,0.0,0.159169,0.0,0.0,0.0,0.067963,0.0,0.0,0.0
2026-07-02,0.0,0.0,0.091093,0.527548,0.154227,0.0,0.0,0.0,0.159169,0.0,0.0,0.0,0.067963,0.0,0.0,0.0
2026-07-03,0.0,0.0,0.091093,0.527548,0.154227,0.0,0.0,0.0,0.159169,0.0,0.0,0.0,0.067963,0.0,0.0,0.0
2026-07-06,0.0,0.0,0.062764,0.636018,0.126653,0.0,0.0,0.0,0.132093,0.0,0.0,0.0,0.042472,0.0,0.0,0.0
2026-07-07,0.0,0.0,0.065963,0.653873,0.133108,0.008229,0.0,0.0,0.138826,0.0,0.0,0.0,0.0,0.0,0.0,0.0
2026-07-08,0.0,0.0,0.033408,0.67236,0.139792,0.008643,0.0,0.0,0.145797,0.0,0.0,0.0,0.0,0.0,0.0,0.0
2026-07-09,0.0,0.0,0.033408,0.67236,0.139792,0.008643,0.0,0.0,0.145797,0.0,0.0,0.0,0.0,0.0,0.0,0.0
2026-07-10,0.0,0.0,0.059366,0.541663,0.0,0.015358,0.124538,0.0,0.259075,0.0,0.0,0.0,0.0,0.0,0.0,0.0
2026-07-13,0.0,0.0,0.059366,0.541663,0.0,0.015358,0.124538,0.0,0.259075,0.0,0.0,0.0,0.0,0.0,0.0,0.0
2026-07-15,0.0,0.0,0.059366,0.541663,0.0,0.015358,0.124538,0.0,0.259075,0.0,0.0,0.0,0.0,0.0,0.0,0.0
2026-07-16,0.0,0.0,0.093153,0.687332,0.0,0.024098,0.195417,0.0,0.0,0.0,0.0,0.0,0.0,0.0,0.0,0.0
2026-07-17,0.0,0.0,0.093153,0.687332,0.0,0.024098,0.195417,0.0,0.0,0.0,0.0,0.0,0.0,0.0,0.0,0.0
2026-07-21,0.0,0.0,0.093153,0.687332,0.0,0.024098,0.195417,0.0,0.0,0.0,0.0,0.0,0.0,0.0,0.0,0.0
2026-07-22,0.0,0.0,0.09261,0.684991,0.0,0.023958,0.194278,0.0,0.0,0.0,0.0,0.0,0.0,0.0,0.0,0.004163
2026-07-23,0.0,0.0,0.0,0.0,0.0,0.0,0.0,0.0,0.0,0.0,0.0,0.0,0.0,0.0,1.0,0.0
2026-07-24,0.0,0.0,0.0,0.0,0.0,0.0,0.0,0.0,0.0,0.0,0.0,0.0,0.0,0.0,1.0,0.0
2026-07-27,0.0,0.0,0.0,0.0,0.0,0.0,0.0,0.0,0.0,0.0,0.0,0.0,0.0,0.0,1.0,0.0
