Date,STLFSI,NFCI,ICSA,CCSA,WALCL,WTREGEN,RRPONTSYD,Net_Liquidity,T10Y2Y,T10Y2Y_source,WALCL_source,WTREGEN_source,RRPONTSYD_source,ICSA_source,CCSA_source,NFCI_source,STLFSI_source,STLFSI_status,STLFSI_asof_date,STLFSI_observation_date,STLFSI_retrieved_at,STLFSI_series_id,STLFSI_error_code,T10Y2Y_status,T10Y2Y_asof_date,T10Y2Y_vintage_date,T10Y2Y_observation_date,T10Y2Y_realtime_start,T10Y2Y_realtime_end,T10Y2Y_retrieved_at,T10Y2Y_series_id,T10Y2Y_error_code,T10Y2Y_publication_at,T10Y2Y_time_precision,T10Y2Y_contract_version,T10Y2Y_vintage_value,T10Y2Y_response_sha256,WALCL_status,WALCL_asof_date,WALCL_vintage_date,WALCL_observation_date,WALCL_realtime_start,WALCL_realtime_end,WALCL_retrieved_at,WALCL_series_id,WALCL_error_code,WALCL_publication_at,WALCL_time_precision,WALCL_contract_version,WALCL_vintage_value,WALCL_response_sha256,WTREGEN_status,WTREGEN_asof_date,WTREGEN_vintage_date,WTREGEN_observation_date,WTREGEN_realtime_start,WTREGEN_realtime_end,WTREGEN_retrieved_at,WTREGEN_series_id,WTREGEN_error_code,WTREGEN_publication_at,WTREGEN_time_precision,WTREGEN_contract_version,WTREGEN_vintage_value,WTREGEN_response_sha256,RRPONTSYD_status,RRPONTSYD_asof_date,RRPONTSYD_vintage_date,RRPONTSYD_observation_date,RRPONTSYD_realtime_start,RRPONTSYD_realtime_end,RRPONTSYD_retrieved_at,RRPONTSYD_series_id,RRPONTSYD_error_code,RRPONTSYD_publication_at,RRPONTSYD_time_precision,RRPONTSYD_contract_version,RRPONTSYD_vintage_value,RRPONTSYD_response_sha256,ICSA_status,ICSA_asof_date,ICSA_vintage_date,ICSA_observation_date,ICSA_realtime_start,ICSA_realtime_end,ICSA_retrieved_at,ICSA_series_id,ICSA_error_code,ICSA_publication_at,ICSA_time_precision,ICSA_contract_version,ICSA_vintage_value,ICSA_response_sha256,CCSA_status,CCSA_asof_date,CCSA_vintage_date,CCSA_observation_date,CCSA_realtime_start,CCSA_realtime_end,CCSA_retrieved_at,CCSA_series_id,CCSA_error_code,CCSA_publication_at,CCSA_time_precision,CCSA_contract_version,CCSA_vintage_value,CCSA_response_sha256,NFCI_status,NFCI_asof_date,NFCI_vintage_date,NFCI_observation_date,NFCI_realtime_start,NFCI_realtime_end,NFCI_retrieved_at,NFCI_series_id,NFCI_error_code,NFCI_publication_at,NFCI_time_precision,NFCI_contract_version,NFCI_vintage_value,NFCI_response_sha256,STLFSI_vintage_date,STLFSI_realtime_start,STLFSI_realtime_end,STLFSI_publication_at,STLFSI_time_precision,STLFSI_contract_version,STLFSI_vintage_value,STLFSI_response_sha256
2026-05-08,,-0.51,199000.0,1776000.0,6709505.0,981929.0,1.633,5725943.0,0.49,fred_live,fred_live,ffill,ffill,fred_backfill_s288,fred_live,fred_live,,,,,,,,,,,,,,,,,,,,,,,,,,,,,,,,,,,,,,,,,,,,,,,,,,,,,,,,,,,,,,,,,,,,,,,,,,,,,,,,,,,,,,,,,,,,,,,,,,,,,,,,,,,,,,,,,
2026-05-11,,-0.51,212000.0,1771000.0,6709505.0,877761.0,0.787,5830957.0,0.48,fred_live,fred_live,fred_live,fred_live,fred_backfill_s288,ffill,fred_live,,,,,,,,,,,,,,,,,,,,,,,,,,,,,,,,,,,,,,,,,,,,,,,,,,,,,,,,,,,,,,,,,,,,,,,,,,,,,,,,,,,,,,,,,,,,,,,,,,,,,,,,,,,,,,,,,
2026-05-12,,-0.51,212000.0,1771000.0,6709505.0,877761.0,1.133,5830611.0,0.47,fred_live,fred_live,fred_live,fred_live,fred_backfill_s288,fred_live,fred_live,,,,,,,,,,,,,,,,,,,,,,,,,,,,,,,,,,,,,,,,,,,,,,,,,,,,,,,,,,,,,,,,,,,,,,,,,,,,,,,,,,,,,,,,,,,,,,,,,,,,,,,,,,,,,,,,,
2026-05-13,,-0.51,212000.0,1771000.0,6709505.0,877761.0,1.199,5830545.0,0.46,fred_live,fred_live,fred_live,fred_live,fred_backfill_s288,fred_live,fred_live,,,,,,,,,,,,,,,,,,,,,,,,,,,,,,,,,,,,,,,,,,,,,,,,,,,,,,,,,,,,,,,,,,,,,,,,,,,,,,,,,,,,,,,,,,,,,,,,,,,,,,,,,,,,,,,,,
2026-05-14,,-0.524,212000.0,1771000.0,6709505.0,877761.0,3.719,5828025.0,0.48,fred_live,fred_live,fred_live,fred_live,fred_backfill_s288,fred_live,fred_live,,,,,,,,,,,,,,,,,,,,,,,,,,,,,,,,,,,,,,,,,,,,,,,,,,,,,,,,,,,,,,,,,,,,,,,,,,,,,,,,,,,,,,,,,,,,,,,,,,,,,,,,,,,,,,,,,
2026-05-15,,-0.524,212000.0,1771000.0,6728502.0,838584.0,2.034,5887884.0,0.48,fred_live,fred_live,fred_live,fred_live,fred_backfill_s288,fred_live,fred_live,,,,,,,,,,,,,,,,,,,,,,,,,,,,,,,,,,,,,,,,,,,,,,,,,,,,,,,,,,,,,,,,,,,,,,,,,,,,,,,,,,,,,,,,,,,,,,,,,,,,,,,,,,,,,,,,,
2026-05-20,,-0.523,210000.0,1785000.0,6728502.0,838584.0,12.911,5877007.0,0.54,fred_live,fred_live,fred_live,fred_live,fred_backfill_s288,fred_live,fred_live,,,,,,,,,,,,,,,,,,,,,,,,,,,,,,,,,,,,,,,,,,,,,,,,,,,,,,,,,,,,,,,,,,,,,,,,,,,,,,,,,,,,,,,,,,,,,,,,,,,,,,,,,,,,,,,,,
2026-05-21,,-0.523,210000.0,1785000.0,6728502.0,838584.0,24.867,5865051.0,0.53,fred_live,fred_live,fred_live,fred_live,fred_backfill_s288,fred_live,fred_live,,,,,,,,,,,,,,,,,,,,,,,,,,,,,,,,,,,,,,,,,,,,,,,,,,,,,,,,,,,,,,,,,,,,,,,,,,,,,,,,,,,,,,,,,,,,,,,,,,,,,,,,,,,,,,,,,
2026-05-22,,-0.523,210000.0,1785000.0,6713643.0,781293.0,3.281,5929069.0,0.49,fred_live,fred_live,fred_live,fred_live,fred_backfill_s288,fred_live,fred_live,,,,,,,,,,,,,,,,,,,,,,,,,,,,,,,,,,,,,,,,,,,,,,,,,,,,,,,,,,,,,,,,,,,,,,,,,,,,,,,,,,,,,,,,,,,,,,,,,,,,,,,,,,,,,,,,,
2026-06-05,,-0.494,225000.0,1786000.0,6711495.0,875713.0,0.761,5835021.0,0.38,fred_live,fred_live,fred_live,fred_live,fred_backfill_s288,fred_live,fred_live,,,,,,,,,,,,,,,,,,,,,,,,,,,,,,,,,,,,,,,,,,,,,,,,,,,,,,,,,,,,,,,,,,,,,,,,,,,,,,,,,,,,,,,,,,,,,,,,,,,,,,,,,,,,,,,,,
2026-06-08,,-0.494,230000.0,1800000.0,6711495.0,875713.0,1.832,5833950.0,0.41,fred_live,fred_live,fred_live,fred_live,fred_backfill_s288,fred_live,fred_live,,,,,,,,,,,,,,,,,,,,,,,,,,,,,,,,,,,,,,,,,,,,,,,,,,,,,,,,,,,,,,,,,,,,,,,,,,,,,,,,,,,,,,,,,,,,,,,,,,,,,,,,,,,,,,,,,
2026-06-09,,-0.494,230000.0,1800000.0,6711495.0,875713.0,0.577,5835205.0,0.4,fred_live,fred_live,fred_live,fred_live,fred_backfill_s288,fred_live,fred_live,,,,,,,,,,,,,,,,,,,,,,,,,,,,,,,,,,,,,,,,,,,,,,,,,,,,,,,,,,,,,,,,,,,,,,,,,,,,,,,,,,,,,,,,,,,,,,,,,,,,,,,,,,,,,,,,,
2026-06-10,,-0.506,230000.0,1800000.0,6711495.0,875713.0,0.387,5835395.0,0.42,fred_live,fred_live,fred_live,fred_live,fred_backfill_s288,fred_live,fred_live,,,,,,,,,,,,,,,,,,,,,,,,,,,,,,,,,,,,,,,,,,,,,,,,,,,,,,,,,,,,,,,,,,,,,,,,,,,,,,,,,,,,,,,,,,,,,,,,,,,,,,,,,,,,,,,,,
2026-06-11,,-0.506,230000.0,1800000.0,6725397.0,828122.0,0.46,5896815.0,0.4,fred_live,fred_live,fred_live,fred_live,fred_backfill_s288,fred_live,fred_live,,,,,,,,,,,,,,,,,,,,,,,,,,,,,,,,,,,,,,,,,,,,,,,,,,,,,,,,,,,,,,,,,,,,,,,,,,,,,,,,,,,,,,,,,,,,,,,,,,,,,,,,,,,,,,,,,
2026-06-12,,-0.506,230000.0,1800000.0,6725397.0,828122.0,0.454,5896821.0,0.39,fred_live,fred_live,fred_live,fred_live,fred_backfill_s288,fred_live,fred_live,,,,,,,,,,,,,,,,,,,,,,,,,,,,,,,,,,,,,,,,,,,,,,,,,,,,,,,,,,,,,,,,,,,,,,,,,,,,,,,,,,,,,,,,,,,,,,,,,,,,,,,,,,,,,,,,,
2026-06-15,,-0.506,227000.0,1812000.0,6725397.0,828122.0,0.581,5896694.0,0.4,fred_live,fred_live,fred_live,fred_live,fred_backfill_s288,fred_live,fred_live,,,,,,,,,,,,,,,,,,,,,,,,,,,,,,,,,,,,,,,,,,,,,,,,,,,,,,,,,,,,,,,,,,,,,,,,,,,,,,,,,,,,,,,,,,,,,,,,,,,,,,,,,,,,,,,,,
2026-06-16,,-0.506,227000.0,1812000.0,6725397.0,828122.0,10.721,5886554.0,0.38,fred_live,fred_live,fred_live,fred_live,fred_backfill_s288,fred_live,fred_live,,,,,,,,,,,,,,,,,,,,,,,,,,,,,,,,,,,,,,,,,,,,,,,,,,,,,,,,,,,,,,,,,,,,,,,,,,,,,,,,,,,,,,,,,,,,,,,,,,,,,,,,,,,,,,,,,
2026-06-17,,-0.505,227000.0,1812000.0,6725397.0,828122.0,6.828,5890447.0,0.29,fred_live,fred_live,fred_live,fred_live,fred_backfill_s288,fred_live,fred_live,,,,,,,,,,,,,,,,,,,,,,,,,,,,,,,,,,,,,,,,,,,,,,,,,,,,,,,,,,,,,,,,,,,,,,,,,,,,,,,,,,,,,,,,,,,,,,,,,,,,,,,,,,,,,,,,,
2026-06-18,,-0.505,227000.0,1812000.0,6736424.0,880713.0,0.251,5855460.0,0.27,fred_live,fred_live,fred_live,fred_live,fred_backfill_s288,fred_live,fred_live,,,,,,,,,,,,,,,,,,,,,,,,,,,,,,,,,,,,,,,,,,,,,,,,,,,,,,,,,,,,,,,,,,,,,,,,,,,,,,,,,,,,,,,,,,,,,,,,,,,,,,,,,,,,,,,,,
2026-06-22,,-0.505,216000.0,1806000.0,6736424.0,880713.0,3.925,5851786.0,0.27,fred_live,fred_live,fred_live,fred_live,fred_backfill_s288,fred_live,fred_live,,,,,,,,,,,,,,,,,,,,,,,,,,,,,,,,,,,,,,,,,,,,,,,,,,,,,,,,,,,,,,,,,,,,,,,,,,,,,,,,,,,,,,,,,,,,,,,,,,,,,,,,,,,,,,,,,
2026-06-23,,-0.505,216000.0,1806000.0,6736424.0,880713.0,6.484,5849227.0,0.34,fred_live,fred_live,fred_live,fred_live,fred_backfill_s288,fred_live,fred_live,,,,,,,,,,,,,,,,,,,,,,,,,,,,,,,,,,,,,,,,,,,,,,,,,,,,,,,,,,,,,,,,,,,,,,,,,,,,,,,,,,,,,,,,,,,,,,,,,,,,,,,,,,,,,,,,,
2026-06-24,,-0.516,216000.0,1806000.0,6736424.0,880713.0,4.534,5851177.0,0.3,fred_live,fred_live,fred_live,fred_live,fred_backfill_s288,fred_live,fred_live,,,,,,,,,,,,,,,,,,,,,,,,,,,,,,,,,,,,,,,,,,,,,,,,,,,,,,,,,,,,,,,,,,,,,,,,,,,,,,,,,,,,,,,,,,,,,,,,,,,,,,,,,,,,,,,,,
2026-06-25,,-0.516,216000.0,1806000.0,6735645.0,918696.0,5.718,5811231.0,0.31,fred_live,fred_live,fred_live,fred_live,fred_backfill_s288,fred_live,fred_live,,,,,,,,,,,,,,,,,,,,,,,,,,,,,,,,,,,,,,,,,,,,,,,,,,,,,,,,,,,,,,,,,,,,,,,,,,,,,,,,,,,,,,,,,,,,,,,,,,,,,,,,,,,,,,,,,
2026-06-26,,-0.516,216000.0,1806000.0,6735645.0,918696.0,6.426,5810523.0,0.31,fred_live,fred_live,fred_live,fred_live,fred_backfill_s288,fred_live,fred_live,,,,,,,,,,,,,,,,,,,,,,,,,,,,,,,,,,,,,,,,,,,,,,,,,,,,,,,,,,,,,,,,,,,,,,,,,,,,,,,,,,,,,,,,,,,,,,,,,,,,,,,,,,,,,,,,,
2026-06-29,,-0.516,217000.0,1821000.0,6735645.0,918696.0,3.546,5813403.0,0.28,fred_live,fred_live,fred_live,fred_live,fred_backfill_s288,fred_live,fred_live,,,,,,,,,,,,,,,,,,,,,,,,,,,,,,,,,,,,,,,,,,,,,,,,,,,,,,,,,,,,,,,,,,,,,,,,,,,,,,,,,,,,,,,,,,,,,,,,,,,,,,,,,,,,,,,,,
2026-06-30,,-0.516,217000.0,1821000.0,6735645.0,918696.0,26.9,5790049.0,0.3,fred_live,fred_live,fred_live,fred_live,fred_backfill_s288,fred_live,fred_live,,,,,,,,,,,,,,,,,,,,,,,,,,,,,,,,,,,,,,,,,,,,,,,,,,,,,,,,,,,,,,,,,,,,,,,,,,,,,,,,,,,,,,,,,,,,,,,,,,,,,,,,,,,,,,,,,
2026-07-01,,-0.504,217000.0,1821000.0,6735645.0,918696.0,1.001,5815948.0,0.31,fred_live,fred_live,fred_live,fred_live,fred_backfill_s288,fred_live,fred_live,,,,,,,,,,,,,,,,,,,,,,,,,,,,,,,,,,,,,,,,,,,,,,,,,,,,,,,,,,,,,,,,,,,,,,,,,,,,,,,,,,,,,,,,,,,,,,,,,,,,,,,,,,,,,,,,,
2026-07-02,,-0.504,217000.0,1821000.0,6724564.0,880237.0,2.175,5842152.0,0.35,fred_live,fred_live,fred_live,fred_live,fred_backfill_s288,fred_live,fred_live,,,,,,,,,,,,,,,,,,,,,,,,,,,,,,,,,,,,,,,,,,,,,,,,,,,,,,,,,,,,,,,,,,,,,,,,,,,,,,,,,,,,,,,,,,,,,,,,,,,,,,,,,,,,,,,,,
2026-07-06,,-0.504,217000.0,1798000.0,6724564.0,880237.0,2.719,5841608.0,0.35,fred_live,fred_live,fred_live,fred_live,fred_backfill_s288,fred_live,fred_live,,,,,,,,,,,,,,,,,,,,,,,,,,,,,,,,,,,,,,,,,,,,,,,,,,,,,,,,,,,,,,,,,,,,,,,,,,,,,,,,,,,,,,,,,,,,,,,,,,,,,,,,,,,,,,,,,
2026-07-07,,-0.504,217000.0,1798000.0,6724564.0,880237.0,4.484,5839843.0,0.36,fred_live,fred_live,fred_live,fred_live,fred_backfill_s288,fred_live,fred_live,,,,,,,,,,,,,,,,,,,,,,,,,,,,,,,,,,,,,,,,,,,,,,,,,,,,,,,,,,,,,,,,,,,,,,,,,,,,,,,,,,,,,,,,,,,,,,,,,,,,,,,,,,,,,,,,,
2026-07-08,,-0.515,217000.0,1798000.0,6724564.0,880237.0,3.347,5840980.0,0.35,fred_live,fred_live,fred_live,fred_live,fred_backfill_s288,fred_live,fred_live,,,,,,,,,,,,,,,,,,,,,,,,,,,,,,,,,,,,,,,,,,,,,,,,,,,,,,,,,,,,,,,,,,,,,,,,,,,,,,,,,,,,,,,,,,,,,,,,,,,,,,,,,,,,,,,,,
2026-07-13,,-0.515,209000.0,1796000.0,6735609.0,774062.0,0.795,5960752.0,0.36,fred_live,fred_live,fred_live,fred_live,fred_backfill_s288,fred_live,fred_live,,,,,,,,,,,,,,,,,,,,,,,,,,,,,,,,,,,,,,,,,,,,,,,,,,,,,,,,,,,,,,,,,,,,,,,,,,,,,,,,,,,,,,,,,,,,,,,,,,,,,,,,,,,,,,,,,
2026-07-14,,-0.515,209000.0,1796000.0,6735609.0,774062.0,0.278,5961269.0,0.4,fred_live,fred_live,fred_live,fred_live,fred_backfill_s288,fred_live,fred_live,,,,,,,,,,,,,,,,,,,,,,,,,,,,,,,,,,,,,,,,,,,,,,,,,,,,,,,,,,,,,,,,,,,,,,,,,,,,,,,,,,,,,,,,,,,,,,,,,,,,,,,,,,,,,,,,,
2026-07-15,,-0.538,209000.0,1796000.0,6735609.0,774062.0,0.278,5961269.0,0.42,fred_live,fred_live,ffill,ffill,fred_backfill_s288,fred_live,fred_live,,,,,,,,,,,,,,,,,,,,,,,,,,,,,,,,,,,,,,,,,,,,,,,,,,,,,,,,,,,,,,,,,,,,,,,,,,,,,,,,,,,,,,,,,,,,,,,,,,,,,,,,,,,,,,,,,
2026-07-16,,-0.538,209000.0,1796000.0,6743028.0,756218.0,0.125,5986685.0,0.41,fred_live,fred_live,fred_live,fred_live,fred_backfill_s288,fred_live,fred_live,,,,,,,,,,,,,,,,,,,,,,,,,,,,,,,,,,,,,,,,,,,,,,,,,,,,,,,,,,,,,,,,,,,,,,,,,,,,,,,,,,,,,,,,,,,,,,,,,,,,,,,,,,,,,,,,,
2026-07-17,,-0.538,209000.0,1796000.0,6743028.0,756218.0,0.1,5986710.0,0.37,fred_live,fred_live,fred_live,fred_live,fred_backfill_s288,fred_live,fred_live,,,,,,,,,,,,,,,,,,,,,,,,,,,,,,,,,,,,,,,,,,,,,,,,,,,,,,,,,,,,,,,,,,,,,,,,,,,,,,,,,,,,,,,,,,,,,,,,,,,,,,,,,,,,,,,,,
2026-07-20,,-0.538,189000.0,1796000.0,6743028.0,756218.0,0.03,5986780.0,0.39,fred_live,fred_live,fred_live,fred_live,fred_backfill_s288,fred_live,fred_live,,,,,,,,,,,,,,,,,,,,,,,,,,,,,,,,,,,,,,,,,,,,,,,,,,,,,,,,,,,,,,,,,,,,,,,,,,,,,,,,,,,,,,,,,,,,,,,,,,,,,,,,,,,,,,,,,
2026-07-21,,-0.538,189000.0,1796000.0,6743028.0,756218.0,0.275,5986535.0,0.37,fred_live,fred_live,fred_live,fred_live,fred_backfill_s288,fred_live,fred_live,,,,,,,,,,,,,,,,,,,,,,,,,,,,,,,,,,,,,,,,,,,,,,,,,,,,,,,,,,,,,,,,,,,,,,,,,,,,,,,,,,,,,,,,,,,,,,,,,,,,,,,,,,,,,,,,,
2026-07-22,,-0.552,189000.0,1796000.0,6743028.0,756218.0,0.376,5986434.0,0.36,fred_live,fred_live,fred_live,fred_live,fred_backfill_s288,fred_live,fred_live,,,,,,,,,,,,,,,,,,,,,,,,,,,,,,,,,,,,,,,,,,,,,,,,,,,,,,,,,,,,,,,,,,,,,,,,,,,,,,,,,,,,,,,,,,,,,,,,,,,,,,,,,,,,,,,,,
2026-07-23,,-0.552,189000.0,1796000.0,6747378.0,829623.0,0.904,5916851.0,0.34,fred_live,fred_live,fred_live,fred_live,fred_backfill_s288,fred_live,fred_live,,,,,,,,,,,,,,,,,,,,,,,,,,,,,,,,,,,,,,,,,,,,,,,,,,,,,,,,,,,,,,,,,,,,,,,,,,,,,,,,,,,,,,,,,,,,,,,,,,,,,,,,,,,,,,,,,
2026-07-24,,-0.552,189000.0,1796000.0,6747378.0,829623.0,0.675,5917080.0,0.36,fred_live,fred_live,fred_live,fred_live,fred_backfill_s288,fred_live,fred_live,,,,,,,,,,,,,,,,,,,,,,,,,,,,,,,,,,,,,,,,,,,,,,,,,,,,,,,,,,,,,,,,,,,,,,,,,,,,,,,,,,,,,,,,,,,,,,,,,,,,,,,,,,,,,,,,,
2026-07-27,,-0.554,198000.0,1796000.0,6747378.0,829623.0,1.126,5916629.0,0.35,fred_live,fred_live,fred_live,fred_live,fred_backfill_s288,fred_live,fred_live,,,,,,,,,,,,,,,,,,,,,,,,,,,,,,,,,,,,,,,,,,,,,,,,,,,,,,,,,,,,,,,,,,,,,,,,,,,,,,,,,,,,,,,,,,,,,,,,,,,,,,,,,,,,,,,,,
2026-07-29,,-0.554,198000.0,1796000.0,6747378.0,829623.0,2.576,5915179.0,0.45,fred_live,fred_live,fred_live,fred_live,fred_backfill_s288,fred_live,fred_live,,,,,,,,,,,,,,,,,,,,,,,,,,,,,,,,,,,,,,,,,,,,,,,,,,,,,,,,,,,,,,,,,,,,,,,,,,,,,,,,,,,,,,,,,,,,,,,,,,,,,,,,,,,,,,,,,
2026-07-30,,-0.554,198000.0,1782000.0,6738190.0,910776.0,1.076,5826338.0,0.45,fred_live,fred_live,fred_live,fred_live,fred_backfill_s288,fred_live,fred_live,,,,,,,,,,,,,,,,,,,,,,,,,,,,,,,,,,,,,,,,,,,,,,,,,,,,,,,,,,,,,,,,,,,,,,,,,,,,,,,,,,,,,,,,,,,,,,,,,,,,,,,,,,,,,,,,,
2026-07-31,,-0.554,198000.0,1782000.0,6738190.0,910776.0,2.151,5825263.0,0.47,fred_live,fred_live,fred_live,fred_live,fred_backfill_s288,fred_live,fred_live,,,,,,,,,,,,,,,,,,,,,,,,,,,,,,,,,,,,,,,,,,,,,,,,,,,,,,,,,,,,,,,,,,,,,,,,,,,,,,,,,,,,,,,,,,,,,,,,,,,,,,,,,,,,,,,,,
2026-08-03,,-0.554,199000.0,1782000.0,6738190.0,910776.0,2.127,5825287.0,0.45,fred_live,fred_live,fred_live,fred_live,fred_backfill_s288,fred_live,fred_live,,,,,,,,,,,,,,,,,,,,,,,,,,,,,,,,,,,,,,,,,,,,,,,,,,,,,,,,,,,,,,,,,,,,,,,,,,,,,,,,,,,,,,,,,,,,,,,,,,,,,,,,,,,,,,,,,
2026-08-04,,-0.554,199000.0,1782000.0,6738190.0,910776.0,2.251,5825163.0,0.43,fred_live,fred_live,fred_live,fred_live,fred_backfill_s288,fred_live,fred_live,,,,,,,,,,,,,,,,,,,,,,,,,,,,,,,,,,,,,,,,,,,,,,,,,,,,,,,,,,,,,,,,,,,,,,,,,,,,,,,,,,,,,,,,,,,,,,,,,,,,,,,,,,,,,,,,,
2026-08-05,,-0.529,199000.0,1782000.0,6738190.0,910776.0,1.65,5825764.0,0.45,fred_live,fred_live,fred_live,fred_live,fred_backfill_s288,fred_live,fred_live,,,,,,,,,,,,,,,,,,,,,,,,,,,,,,,,,,,,,,,,,,,,,,,,,,,,,,,,,,,,,,,,,,,,,,,,,,,,,,,,,,,,,,,,,,,,,,,,,,,,,,,,,,,,,,,,,
2026-08-06,,-0.529,199000.0,1801000.0,6748567.0,907324.0,1.429,5839814.0,0.44,fred_live,fred_live,fred_live,fred_live,fred_backfill_s288,fred_live,fred_live,,,,,,,,,,,,,,,,,,,,,,,,,,,,,,,,,,,,,,,,,,,,,,,,,,,,,,,,,,,,,,,,,,,,,,,,,,,,,,,,,,,,,,,,,,,,,,,,,,,,,,,,,,,,,,,,,
2026-08-07,,-0.529,199000.0,1801000.0,6748567.0,907324.0,1.45,5839793.0,0.46,fred_live,fred_live,fred_live,fred_live,fred_backfill_s288,fred_live,fred_live,,,,,,,,,,,,,,,,,,,,,,,,,,,,,,,,,,,,,,,,,,,,,,,,,,,,,,,,,,,,,,,,,,,,,,,,,,,,,,,,,,,,,,,,,,,,,,,,,,,,,,,,,,,,,,,,,
2026-08-10,,-0.529,199000.0,1801000.0,6748567.0,907324.0,0.975,5840268.0,0.47,fred_live,fred_live,fred_live,fred_live,fred_backfill_s288,fred_live,fred_live,,,,,,,,,,,,,,,,,,,,,,,,,,,,,,,,,,,,,,,,,,,,,,,,,,,,,,,,,,,,,,,,,,,,,,,,,,,,,,,,,,,,,,,,,,,,,,,,,,,,,,,,,,,,,,,,,
2026-08-11,,-0.529,199000.0,1801000.0,6748567.0,907324.0,1.25,5839993.0,0.48,fred_live,fred_live,fred_live,fred_live,fred_live,fred_live,fred_live,,,,,,,,,,,,,,,,,,,,,,,,,,,,,,,,,,,,,,,,,,,,,,,,,,,,,,,,,,,,,,,,,,,,,,,,,,,,,,,,,,,,,,,,,,,,,,,,,,,,,,,,,,,,,,,,,
2026-08-12,,-0.549,199000.0,1801000.0,6748567.0,907324.0,0.725,5840518.0,0.48,fred_live,fred_live,fred_live,fred_live,fred_live,fred_live,fred_live,,,,,,,,,,,,,,,,,,,,,,,,,,,,,,,,,,,,,,,,,,,,,,,,,,,,,,,,,,,,,,,,,,,,,,,,,,,,,,,,,,,,,,,,,,,,,,,,,,,,,,,,,,,,,,,,,
2026-08-13,,-0.549,209000.0,1777000.0,6759955.0,963950.0,0.45,5795555.0,0.48,fred_live,fred_live,fred_live,fred_live,fred_live,fred_live,fred_live,,,,,,,,,,,,,,,,,,,,,,,,,,,,,,,,,,,,,,,,,,,,,,,,,,,,,,,,,,,,,,,,,,,,,,,,,,,,,,,,,,,,,,,,,,,,,,,,,,,,,,,,,,,,,,,,,
2026-08-14,,-0.549,209000.0,1777000.0,6759955.0,963950.0,0.25,5795755.0,0.51,fred_live,fred_live,fred_live,fred_live,fred_live,fred_live,fred_live,,,,,,,,,,,,,,,,,,,,,,,,,,,,,,,,,,,,,,,,,,,,,,,,,,,,,,,,,,,,,,,,,,,,,,,,,,,,,,,,,,,,,,,,,,,,,,,,,,,,,,,,,,,,,,,,,
2026-08-17,,-0.549,209000.0,1777000.0,6759955.0,963950.0,0.255,5795750.0,0.53,fred_live,fred_live,fred_live,fred_live,fred_live,fred_live,fred_live,,,,,,,,,,,,,,,,,,,,,,,,,,,,,,,,,,,,,,,,,,,,,,,,,,,,,,,,,,,,,,,,,,,,,,,,,,,,,,,,,,,,,,,,,,,,,,,,,,,,,,,,,,,,,,,,,
2026-08-18,,-0.549,209000.0,1777000.0,6759955.0,963950.0,0.155,5795850.0,0.52,fred_live,fred_live,fred_live,fred_live,fred_live,fred_live,fred_live,,,,,,,,,,,,,,,,,,,,,,,,,,,,,,,,,,,,,,,,,,,,,,,,,,,,,,,,,,,,,,,,,,,,,,,,,,,,,,,,,,,,,,,,,,,,,,,,,,,,,,,,,,,,,,,,,
2026-08-19,,-0.559,209000.0,1777000.0,6759955.0,963950.0,0.317,5795688.0,0.46,fred_live,fred_live,fred_live,fred_live,fred_live,fred_live,fred_live,,,,,,,,,,,,,,,,,,,,,,,,,,,,,,,,,,,,,,,,,,,,,,,,,,,,,,,,,,,,,,,,,,,,,,,,,,,,,,,,,,,,,,,,,,,,,,,,,,,,,,,,,,,,,,,,,
2026-08-20,,-0.559,206000.0,1799000.0,6745699.0,953612.0,0.225,5791862.0,0.5,fred_live,fred_live,fred_live,fred_live,fred_live,fred_live,fred_live,,,,,,,,,,,,,,,,,,,,,,,,,,,,,,,,,,,,,,,,,,,,,,,,,,,,,,,,,,,,,,,,,,,,,,,,,,,,,,,,,,,,,,,,,,,,,,,,,,,,,,,,,,,,,,,,,
2026-08-21,,-0.559,206000.0,1799000.0,6745699.0,953612.0,0.2,5791887.0,0.5,fred_live,fred_live,fred_live,fred_live,fred_live,fred_live,fred_live,,,,,,,,,,,,,,,,,,,,,,,,,,,,,,,,,,,,,,,,,,,,,,,,,,,,,,,,,,,,,,,,,,,,,,,,,,,,,,,,,,,,,,,,,,,,,,,,,,,,,,,,,,,,,,,,,
2026-08-24,,-0.559,206000.0,1799000.0,6745699.0,953612.0,0.38,5791707.0,0.46,fred_live,fred_live,fred_live,fred_live,fred_live,fred_live,fred_live,,,,,,,,,,,,,,,,,,,,,,,,,,,,,,,,,,,,,,,,,,,,,,,,,,,,,,,,,,,,,,,,,,,,,,,,,,,,,,,,,,,,,,,,,,,,,,,,,,,,,,,,,,,,,,,,,
2026-08-25,,-0.559,206000.0,1799000.0,6745699.0,953612.0,0.405,5791682.0,0.47,fred_live,fred_live,fred_live,fred_live,fred_live,fred_live,fred_live,,,,,,,,,,,,,,,,,,,,,,,,,,,,,,,,,,,,,,,,,,,,,,,,,,,,,,,,,,,,,,,,,,,,,,,,,,,,,,,,,,,,,,,,,,,,,,,,,,,,,,,,,,,,,,,,,
2026-08-26,,-0.566,206000.0,1799000.0,6745699.0,953612.0,0.702,5791385.0,0.47,fred_live,fred_live,fred_live,fred_live,fred_live,fred_live,fred_live,,,,,,,,,,,,,,,,,,,,,,,,,,,,,,,,,,,,,,,,,,,,,,,,,,,,,,,,,,,,,,,,,,,,,,,,,,,,,,,,,,,,,,,,,,,,,,,,,,,,,,,,,,,,,,,,,
2026-08-27,,-0.566,203000.0,1778000.0,6730912.0,950736.0,0.175,5780001.0,0.39,fred_live,fred_live,fred_live,fred_live,fred_live,fred_live,fred_live,,,,,,,,,,,,,,,,,,,,,,,,,,,,,,,,,,,,,,,,,,,,,,,,,,,,,,,,,,,,,,,,,,,,,,,,,,,,,,,,,,,,,,,,,,,,,,,,,,,,,,,,,,,,,,,,,
2026-08-28,,-0.566,203000.0,1778000.0,6730912.0,950736.0,0.175,5780001.0,0.39,fred_live,fred_live,fred_live,fred_live,fred_live,fred_live,fred_live,,,,,,,,,,,,,,,,,,,,,,,,,,,,,,,,,,,,,,,,,,,,,,,,,,,,,,,,,,,,,,,,,,,,,,,,,,,,,,,,,,,,,,,,,,,,,,,,,,,,,,,,,,,,,,,,,
2026-08-31,,-0.566,203000.0,1778000.0,6730912.0,950736.0,6.726,5773450.0,0.41,fred_live,fred_live,fred_live,fred_live,fred_live,fred_live,fred_live,,,,,,,,,,,,,,,,,,,,,,,,,,,,,,,,,,,,,,,,,,,,,,,,,,,,,,,,,,,,,,,,,,,,,,,,,,,,,,,,,,,,,,,,,,,,,,,,,,,,,,,,,,,,,,,,,
2026-09-01,,-0.558,203000.0,1778000.0,6730912.0,950736.0,0.525,5779651.0,0.4,fred_live,fred_live,fred_live,fred_live,fred_live,fred_live,fred_live,,,,,,,,,,,,,,,,,,,,,,,,,,,,,,,,,,,,,,,,,,,,,,,,,,,,,,,,,,,,,,,,,,,,,,,,,,,,,,,,,,,,,,,,,,,,,,,,,,,,,,,,,,,,,,,,,
2026-09-02,,-0.558,206000.0,1779000.0,6737204.0,967935.0,0.702,5768567.0,0.43,fred_live,fred_live,fred_live,fred_live,fred_live,fred_live,fred_live,,,,,,,,,,,,,,,,,,,,,,,,,,,,,,,,,,,,,,,,,,,,,,,,,,,,,,,,,,,,,,,,,,,,,,,,,,,,,,,,,,,,,,,,,,,,,,,,,,,,,,,,,,,,,,,,,
2026-09-03,,-0.558,206000.0,1779000.0,6737204.0,967935.0,0.675,5768594.0,0.41,fred_live,fred_live,fred_live,fred_live,fred_live,fred_live,fred_live,,,,,,,,,,,,,,,,,,,,,,,,,,,,,,,,,,,,,,,,,,,,,,,,,,,,,,,,,,,,,,,,,,,,,,,,,,,,,,,,,,,,,,,,,,,,,,,,,,,,,,,,,,,,,,,,,
2026-09-04,,-0.558,206000.0,1779000.0,6737204.0,967935.0,0.626,5768643.0,0.41,fred_live,fred_live,fred_live,fred_live,fred_live,fred_live,fred_live,,,,,,,,,,,,,,,,,,,,,,,,,,,,,,,,,,,,,,,,,,,,,,,,,,,,,,,,,,,,,,,,,,,,,,,,,,,,,,,,,,,,,,,,,,,,,,,,,,,,,,,,,,,,,,,,,
2026-09-08,,-0.558,206000.0,1779000.0,6737204.0,967935.0,0.432,5768837.0,0.4,fred_live,fred_live,fred_live,fred_live,fred_live,fred_live,fred_live,,,,,,,,,,,,,,,,,,,,,,,,,,,,,,,,,,,,,,,,,,,,,,,,,,,,,,,,,,,,,,,,,,,,,,,,,,,,,,,,,,,,,,,,,,,,,,,,,,,,,,,,,,,,,,,,,
2026-09-09,,-0.558,206000.0,1779000.0,6737204.0,967935.0,0.432,5768837.0,0.4,fred_live,fred_live,fred_live,fred_live,fred_live,fred_live,fred_live,,,,,,,,,,,,,,,,,,,,,,,,,,,,,,,,,,,,,,,,,,,,,,,,,,,,,,,,,,,,,,,,,,,,,,,,,,,,,,,,,,,,,,,,,,,,,,,,,,,,,,,,,,,,,,,,,
2026-09-10,,-0.564,206000.0,1774000.0,6740619.0,883335.0,4.736,5852548.0,0.39,fred_live,fred_live,fred_live,fred_live,fred_live,fred_live,fred_live,,,,,,,,,,,,,,,,,,,,,,,,,,,,,,,,,,,,,,,,,,,,,,,,,,,,,,,,,,,,,,,,,,,,,,,,,,,,,,,,,,,,,,,,,,,,,,,,,,,,,,,,,,,,,,,,,
2026-09-11,,-0.564,206000.0,1774000.0,6740619.0,883335.0,5.255,5852029.0,0.33,fred_live,fred_live,fred_live,fred_live,fred_live,fred_live,fred_live,,,,,,,,,,,,,,,,,,,,,,,,,,,,,,,,,,,,,,,,,,,,,,,,,,,,,,,,,,,,,,,,,,,,,,,,,,,,,,,,,,,,,,,,,,,,,,,,,,,,,,,,,,,,,,,,,
2026-09-14,,-0.564,206000.0,1774000.0,6740619.0,883335.0,1.42,5855864.0,0.32,fred_live,fred_live,fred_live,fred_live,fred_live,fred_live,fred_live,,,,,,,,,,,,,,,,,,,,,,,,,,,,,,,,,,,,,,,,,,,,,,,,,,,,,,,,,,,,,,,,,,,,,,,,,,,,,,,,,,,,,,,,,,,,,,,,,,,,,,,,,,,,,,,,,
2026-09-16,,-0.56,206000.0,1774000.0,6740619.0,883335.0,5.375,5851909.0,0.27,fred_live,fred_live,fred_live,fred_live,fred_live,fred_live,fred_live,,,,,,,,,,,,,,,,,,,,,,,,,,,,,,,,,,,,,,,,,,,,,,,,,,,,,,,,,,,,,,,,,,,,,,,,,,,,,,,,,,,,,,,,,,,,,,,,,,,,,,,,,,,,,,,,,
2026-09-17,,-0.56,196000.0,1730000.0,6746548.0,877028.0,0.576,5868944.0,0.25,fred_live,fred_live,fred_live,fred_live,fred_live,fred_live,fred_live,,,,,,,,,,,,,,,,,,,,,,,,,,,,,,,,,,,,,,,,,,,,,,,,,,,,,,,,,,,,,,,,,,,,,,,,,,,,,,,,,,,,,,,,,,,,,,,,,,,,,,,,,,,,,,,,,
2026-09-18,,-0.56,196000.0,1730000.0,6746548.0,877028.0,0.576,5868944.0,0.25,fred_live,fred_live,fred_live,fred_live,fred_live,fred_live,fred_live,,,,,,,,,,,,,,,,,,,,,,,,,,,,,,,,,,,,,,,,,,,,,,,,,,,,,,,,,,,,,,,,,,,,,,,,,,,,,,,,,,,,,,,,,,,,,,,,,,,,,,,,,,,,,,,,,
2026-09-21,-0.8477,-0.56,196000.0,1730000.0,6746548.0,877028.0,0.582,5868938.0,0.2,fred_live,fred_live,fred_live,fred_live,fred_live,fred_live,fred_live,fred_vintage_asof,verified_asof,2026-09-21,2026-09-11,2026-09-22T01:36:39.036678+00:00,STLFSI4,,,,,,,,,,,,,,,,,,,,,,,,,,,,,,,,,,,,,,,,,,,,,,,,,,,,,,,,,,,,,,,,,,,,,,,,,,,,,,,,,,,,,,,,,,,,,,,,,,,,,,,,,,,
2026-09-22,-0.8477,-0.56,196000.0,1730000.0,6746548.0,877028.0,0.453,5869067.0,0.25,fred_live,fred_live,fred_live,fred_live,fred_live,fred_live,fred_live,fred_vintage_asof,verified_asof,2026-09-22,2026-09-11,2026-09-23T01:32:00.316043+00:00,STLFSI4,,,,,,,,,,,,,,,,,,,,,,,,,,,,,,,,,,,,,,,,,,,,,,,,,,,,,,,,,,,,,,,,,,,,,,,,,,,,,,,,,,,,,,,,,,,,,,,,,,,,,,,,,,,
2026-09-23,-0.9075,-0.555,197000.0,1719000.0,6746548.0,877028.0,0.461,5869059.0,0.26,fred_live,fred_live,fred_live,fred_live,fred_live,fred_live,fred_live,fred_vintage_asof,verified_asof,2026-09-23,2026-09-18,2026-09-24T15:28:45.724047+00:00,STLFSI4,,,,,,,,,,,,,,,,,,,,,,,,,,,,,,,,,,,,,,,,,,,,,,,,,,,,,,,,,,,,,,,,,,,,,,,,,,,,,,,,,,,,,,,,,,,,,,,,,,,,,,,,,,,
2026-09-24,-0.9075,-0.555,197000.0,1719000.0,6747704.0,977084.0,0.63,5769990.0,0.31,fred_live,fred_live,fred_live,fred_live,fred_live,fred_live,fred_live,fred_vintage_asof,verified_asof,2026-09-24,2026-09-18,2026-09-25T12:47:52.771214+00:00,STLFSI4,,,,,,,,,,,,,,,,,,,,,,,,,,,,,,,,,,,,,,,,,,,,,,,,,,,,,,,,,,,,,,,,,,,,,,,,,,,,,,,,,,,,,,,,,,,,,,,,,,,,,,,,,,,
2026-09-25,-0.9075,-0.555,197000.0,1719000.0,6747704.0,977084.0,0.576,5770044.0,0.36,fred_live,fred_live,fred_live,fred_live,fred_live,fred_live,fred_live,fred_vintage_asof,verified_asof,2026-09-25,2026-09-18,2026-09-26T01:34:27.971384+00:00,STLFSI4,,,,,,,,,,,,,,,,,,,,,,,,,,,,,,,,,,,,,,,,,,,,,,,,,,,,,,,,,,,,,,,,,,,,,,,,,,,,,,,,,,,,,,,,,,,,,,,,,,,,,,,,,,,
2026-09-28,-0.9075,-0.555,197000.0,1719000.0,6747704.0,977084.0,0.851,5769769.0,0.32,fred_live,fred_live,fred_live,fred_live,fred_live,fred_live,fred_live,fred_vintage_asof,verified_asof,2026-09-28,2026-09-18,2026-09-29T02:35:02.629182+00:00,STLFSI4,,,,,,,,,,,,,,,,,,,,,,,,,,,,,,,,,,,,,,,,,,,,,,,,,,,,,,,,,,,,,,,,,,,,,,,,,,,,,,,,,,,,,,,,,,,,,,,,,,,,,,,,,,,
2026-09-29,-0.9075,-0.555,197000.0,1719000.0,6747704.0,977084.0,11.446,5759174.0,0.37,fred_live,fred_live,fred_live,fred_live,fred_live,fred_live,fred_live,fred_vintage_asof,verified_asof,2026-09-29,2026-09-18,2026-09-30T02:07:12.239972+00:00,STLFSI4,,,,,,,,,,,,,,,,,,,,,,,,,,,,,,,,,,,,,,,,,,,,,,,,,,,,,,,,,,,,,,,,,,,,,,,,,,,,,,,,,,,,,,,,,,,,,,,,,,,,,,,,,,,
2026-09-30,-0.8074,-0.548,197000.0,1719000.0,6747704.0,977084.0,11.539,5759081.0,0.41,fred_live,fred_live,fred_live,fred_live,fred_live,fred_live,fred_live,fred_vintage_asof,verified_asof,2026-09-30,2026-09-25,2026-10-01T02:09:03.156010+00:00,STLFSI4,,,,,,,,,,,,,,,,,,,,,,,,,,,,,,,,,,,,,,,,,,,,,,,,,,,,,,,,,,,,,,,,,,,,,,,,,,,,,,,,,,,,,,,,,,,,,,,,,,,,,,,,,,,
2026-10-01,-0.8074,-0.548,197000.0,1719000.0,6747704.0,977084.0,11.539,5759081.0,0.41,fred_prior_date_vintage,fred_prior_date_vintage,fred_prior_date_vintage,fred_prior_date_vintage,fred_prior_date_vintage,fred_prior_date_vintage,fred_prior_date_vintage,fred_prior_date_vintage,verified_prior_date,2026-10-01,2026-09-25,2026-10-02T07:03:11.923271+00:00,STLFSI4,,verified_prior_date,2026-10-01,2026-09-30,2026-09-30,2026-09-30,2026-09-30,2026-10-02T07:03:07.471430+00:00,T10Y2Y,,,daily_prior_date_not_intraday,fred_prior_date_v1,0.41,88ffd0e793b6a66b29e53026c70b8f970437cd85c7a2b5c09be69041c5952a96,verified_prior_date,2026-10-01,2026-09-30,2026-09-23,2026-09-30,2026-09-30,2026-10-02T07:03:08.105405+00:00,WALCL,,,daily_prior_date_not_intraday,fred_prior_date_v1,6747704.0,fc581506f2b24201de15f1188a430ea0f92d050c780bfc7f60edfd0c0a9c9824,verified_prior_date,2026-10-01,2026-09-30,2026-09-23,2026-09-30,2026-09-30,2026-10-02T07:03:08.336843+00:00,WTREGEN,,,daily_prior_date_not_intraday,fred_prior_date_v1,977084.0,7df13c3cff4044ce59b86a38d607792b018cde03cde35df12f3138d7b815b59f,verified_prior_date,2026-10-01,2026-09-30,2026-09-30,2026-09-30,2026-09-30,2026-10-02T07:03:08.585579+00:00,RRPONTSYD,,,daily_prior_date_not_intraday,fred_prior_date_v1,11.539,a82ccce71d54398025a1ea3738ab928f60d79fbb65ea06fc19c852f7e9ec11ae,verified_prior_date,2026-10-01,2026-09-30,2026-09-19,2026-09-30,2026-09-30,2026-10-02T07:03:09.560948+00:00,ICSA,,,daily_prior_date_not_intraday,fred_prior_date_v1,197000.0,9e8c6f8f9a9f4e22a253930a72414ed886d122453b5ec437b0dd7168c906ab81,verified_prior_date,2026-10-01,2026-09-30,2026-09-12,2026-09-30,2026-09-30,2026-10-02T07:03:09.835404+00:00,CCSA,,,daily_prior_date_not_intraday,fred_prior_date_v1,1719000.0,f89df6dfd09653440d1545c229232c10a049918124ecf96e98c42b4db07935cb,verified_prior_date,2026-10-01,2026-09-30,2026-09-25,2026-09-30,2026-09-30,2026-10-02T07:03:10.973320+00:00,NFCI,,,daily_prior_date_not_intraday,fred_prior_date_v1,-0.548,eff550391a601c34a50cfdd33940a635b2835ce9f59294894c11fb1999eb0825,2026-09-30,2026-09-30,2026-09-30,,daily_prior_date_not_intraday,fred_prior_date_v1,-0.8074,28d0a08c330f45e8056b714fe1e7bbca59920a66e5eb1fe8958fef1a9e1a7bec
2026-10-02,-0.8074,-0.548,197000.0,1701000.0,6743031.0,948674.0,0.35,5794007.0,0.46,fred_prior_date_vintage,fred_prior_date_vintage,fred_prior_date_vintage,fred_prior_date_vintage,fred_prior_date_vintage,fred_prior_date_vintage,fred_prior_date_vintage,fred_prior_date_vintage,verified_prior_date,2026-10-02,2026-09-25,2026-10-03T01:56:28.323622+00:00,STLFSI4,,verified_prior_date,2026-10-02,2026-10-01,2026-10-01,2026-10-01,2026-10-01,2026-10-03T01:56:25.535046+00:00,T10Y2Y,,,daily_prior_date_not_intraday,fred_prior_date_v1,0.46,abb8df0eed9cc331c71e0b192a58879f9960e9eba3115674407b1f3613aa02f9,verified_prior_date,2026-10-02,2026-10-01,2026-09-30,2026-10-01,2026-10-01,2026-10-03T01:56:25.865287+00:00,WALCL,,,daily_prior_date_not_intraday,fred_prior_date_v1,6743031.0,f59ba3c1d020248d7ef3f6c0b2a5d6ff71c98e65be35d84d09e8518dd5fb64f0,verified_prior_date,2026-10-02,2026-10-01,2026-09-30,2026-10-01,2026-10-01,2026-10-03T01:56:26.167489+00:00,WTREGEN,,,daily_prior_date_not_intraday,fred_prior_date_v1,948674.0,dab7b1e0011408552b8c3febe55f9aa3193114b75300d04873407807c8772c99,verified_prior_date,2026-10-02,2026-10-01,2026-10-01,2026-10-01,2026-10-01,2026-10-03T01:56:26.501787+00:00,RRPONTSYD,,,daily_prior_date_not_intraday,fred_prior_date_v1,0.35,c594f399f4d10806ecfab16a5aa74f4ce381cc247d563f72cc488132dcbe1f27,verified_prior_date,2026-10-02,2026-10-01,2026-09-26,2026-10-01,2026-10-01,2026-10-03T01:56:26.722468+00:00,ICSA,,,daily_prior_date_not_intraday,fred_prior_date_v1,197000.0,8b5b50cddd6fb4ed23b6f621d4f37a6ea77e3df1eddc67d56b4d81e8fe2dd5da,verified_prior_date,2026-10-02,2026-10-01,2026-09-19,2026-10-01,2026-10-01,2026-10-03T01:56:27.030132+00:00,CCSA,,,daily_prior_date_not_intraday,fred_prior_date_v1,1701000.0,bf02bf49b921739b78431882c464201d42a6f1ec396c4579d79c01a3ed10d34c,verified_prior_date,2026-10-02,2026-10-01,2026-09-25,2026-10-01,2026-10-01,2026-10-03T01:56:27.479811+00:00,NFCI,,,daily_prior_date_not_intraday,fred_prior_date_v1,-0.548,08ac84598d2c9df0378f345b17eb3a8d58d4081834403bdff0e2f96c1293cb91,2026-10-01,2026-10-01,2026-10-01,,daily_prior_date_not_intraday,fred_prior_date_v1,-0.8074,1d1f188eef293ec29039536404a6c9d477e2eb06d4828906364f7634b6ce9ab6
2026-10-05,-0.8074,-0.548,197000.0,1701000.0,6743031.0,948674.0,1.501,5792856.0,0.45,fred_prior_date_vintage,fred_prior_date_vintage,fred_prior_date_vintage,fred_prior_date_vintage,fred_prior_date_vintage,fred_prior_date_vintage,fred_prior_date_vintage,fred_prior_date_vintage,verified_prior_date,2026-10-05,2026-09-25,2026-10-06T02:57:59.922236+00:00,STLFSI4,,verified_prior_date,2026-10-05,2026-10-04,2026-10-02,2026-10-04,2026-10-04,2026-10-06T02:57:56.782146+00:00,T10Y2Y,,,daily_prior_date_not_intraday,fred_prior_date_v1,0.45,ba0d2def108e329f6bae17f6f8dfac9292b3dde431feac9d4cc8d5a187a0a569,verified_prior_date,2026-10-05,2026-10-04,2026-09-30,2026-10-04,2026-10-04,2026-10-06T02:57:57.038330+00:00,WALCL,,,daily_prior_date_not_intraday,fred_prior_date_v1,6743031.0,21d7fcb334fc8983e8933722f17cba68c74c46f228d73c46c11ac32e62196caf,verified_prior_date,2026-10-05,2026-10-04,2026-09-30,2026-10-04,2026-10-04,2026-10-06T02:57:57.331848+00:00,WTREGEN,,,daily_prior_date_not_intraday,fred_prior_date_v1,948674.0,f71654c173047f270c0a8c2878dd0544f9360d29e1db551b07ca6a07a4e01251,verified_prior_date,2026-10-05,2026-10-04,2026-10-02,2026-10-04,2026-10-04,2026-10-06T02:57:57.650747+00:00,RRPONTSYD,,,daily_prior_date_not_intraday,fred_prior_date_v1,1.501,9e8ddfb054700c15523bdfb6643c9d74875515449c179174f93eefb7301bb775,verified_prior_date,2026-10-05,2026-10-04,2026-09-26,2026-10-04,2026-10-04,2026-10-06T02:57:57.947934+00:00,ICSA,,,daily_prior_date_not_intraday,fred_prior_date_v1,197000.0,b3ba9d095e198d613c2abb2368c5b80a9be7fc16a6408b285b270eb55f4811e8,verified_prior_date,2026-10-05,2026-10-04,2026-09-19,2026-10-04,2026-10-04,2026-10-06T02:57:58.356184+00:00,CCSA,,,daily_prior_date_not_intraday,fred_prior_date_v1,1701000.0,ab7f9ebdbbfb018b5acd3a10a266011e41cb49c821fcd0063d61f7efc5a30e51,verified_prior_date,2026-10-05,2026-10-04,2026-09-25,2026-10-04,2026-10-04,2026-10-06T02:57:58.892361+00:00,NFCI,,,daily_prior_date_not_intraday,fred_prior_date_v1,-0.548,aeb7b2a80bbad068da9ff2c2cbfa315ff257617ebe35841b48551d81918a334f,2026-10-04,2026-10-04,2026-10-04,,daily_prior_date_not_intraday,fred_prior_date_v1,-0.8074,2c36fb0e44ef0086fe234ce1210fdf114f5c8b4884c69555a0d1f855fcc176c0
2026-10-06,-0.8074,-0.548,197000.0,1701000.0,6743031.0,948674.0,1.004,5793353.0,0.47,fred_prior_date_vintage,fred_prior_date_vintage,fred_prior_date_vintage,fred_prior_date_vintage,fred_prior_date_vintage,fred_prior_date_vintage,fred_prior_date_vintage,fred_prior_date_vintage,verified_prior_date,2026-10-06,2026-09-25,2026-10-07T01:36:10.582047+00:00,STLFSI4,,verified_prior_date,2026-10-06,2026-10-05,2026-10-05,2026-10-05,2026-10-05,2026-10-07T01:36:07.532609+00:00,T10Y2Y,,,daily_prior_date_not_intraday,fred_prior_date_v1,0.47,4332b902e2223dcfbde43431af72ac2a260029ff191dff63286f2c8ce1ede961,verified_prior_date,2026-10-06,2026-10-05,2026-09-30,2026-10-05,2026-10-05,2026-10-07T01:36:07.799717+00:00,WALCL,,,daily_prior_date_not_intraday,fred_prior_date_v1,6743031.0,deeab9c0e93108ffa241c2a01265ea454ecd20c5e30cff46582e58a9a5799004,verified_prior_date,2026-10-06,2026-10-05,2026-09-30,2026-10-05,2026-10-05,2026-10-07T01:36:08.065638+00:00,WTREGEN,,,daily_prior_date_not_intraday,fred_prior_date_v1,948674.0,9a1f08f089314cbecf9bddc8a53980d5460e4ff6b72c027127d7b3d61f9c1c4e,verified_prior_date,2026-10-06,2026-10-05,2026-10-05,2026-10-05,2026-10-05,2026-10-07T01:36:08.331916+00:00,RRPONTSYD,,,daily_prior_date_not_intraday,fred_prior_date_v1,1.004,e11e2e4bfba0845c0a2d365b083905547e8c84d989da3cb57e4ddb2a027b1077,verified_prior_date,2026-10-06,2026-10-05,2026-09-26,2026-10-05,2026-10-05,2026-10-07T01:36:08.588150+00:00,ICSA,,,daily_prior_date_not_intraday,fred_prior_date_v1,197000.0,0cc9701fd7d5f6340144f7d06c3e27ef3b00befa7c7d9e73123b459444c9f066,verified_prior_date,2026-10-06,2026-10-05,2026-09-19,2026-10-05,2026-10-05,2026-10-07T01:36:08.861090+00:00,CCSA,,,daily_prior_date_not_intraday,fred_prior_date_v1,1701000.0,2fd4d2374f120951396a0173eab27001da94d34b41f2473be5e7e3704ffd64e3,verified_prior_date,2026-10-06,2026-10-05,2026-09-25,2026-10-05,2026-10-05,2026-10-07T01:36:09.397481+00:00,NFCI,,,daily_prior_date_not_intraday,fred_prior_date_v1,-0.548,eb183e4e1c5b40651740e8407aa256a8b5acb8a9dd1374eabe45f5d4583e3e38,2026-10-05,2026-10-05,2026-10-05,,daily_prior_date_not_intraday,fred_prior_date_v1,-0.8074,dc3b7691b2c8bfc948d83711084e7da3a742a935b65a1c2d1749bd87ba2723f0
