Date,PMI,UMCSENT,SAHMCURRENT,F_G_Score,F_G_Rating,ECY,CAPE,SEMI_REACCEL,CONSUMER_ELEC,SAHMCURRENT_source,UMCSENT_source,PMI_source,SEMI_REACCEL_source,CONSUMER_ELEC_source,CAPE_source,ECY_source,SAHMCURRENT_status,SAHMCURRENT_asof_date,SAHMCURRENT_vintage_date,SAHMCURRENT_observation_date,SAHMCURRENT_realtime_start,SAHMCURRENT_realtime_end,SAHMCURRENT_retrieved_at,SAHMCURRENT_series_id,SAHMCURRENT_error_code,SAHMCURRENT_publication_at,SAHMCURRENT_time_precision,SAHMCURRENT_contract_version,SAHMCURRENT_vintage_value,SAHMCURRENT_response_sha256,UMCSENT_status,UMCSENT_asof_date,UMCSENT_vintage_date,UMCSENT_observation_date,UMCSENT_realtime_start,UMCSENT_realtime_end,UMCSENT_retrieved_at,UMCSENT_series_id,UMCSENT_error_code,UMCSENT_publication_at,UMCSENT_time_precision,UMCSENT_contract_version,UMCSENT_vintage_value,UMCSENT_response_sha256,F_G_source
2026-05-08,52.7,44.8,0.13,67.6857142857143,greed,0.0162951168652426,38.1426179648342,,,fred_live,fred_backfill_s288,tradingeconomics,,,btlong_seed_s288,btlong_seed_s288,,,,,,,,,,,,,,,,,,,,,,,,,,,,,cnn_api
2026-05-11,52.7,44.8,0.13,68.0857142857143,greed,0.0162951168652426,38.1426179648342,,,fred_live,fred_backfill_s288,tradingeconomics,,,btlong_seed_s288,btlong_seed_s288,,,,,,,,,,,,,,,,,,,,,,,,,,,,,cnn_api
2026-05-12,52.7,44.8,0.13,66.3714285714286,greed,0.0162951168652426,38.1426179648342,,,fred_live,fred_backfill_s288,tradingeconomics,,,btlong_seed_s288,btlong_seed_s288,,,,,,,,,,,,,,,,,,,,,,,,,,,,,cnn_api
2026-05-13,52.7,44.8,0.13,65.5428571428572,greed,0.0162951168652426,38.1426179648342,,,fred_live,fred_backfill_s288,tradingeconomics,,,btlong_seed_s288,btlong_seed_s288,,,,,,,,,,,,,,,,,,,,,,,,,,,,,cnn_api
2026-05-14,52.7,44.8,0.13,65.7714285714286,greed,0.0162951168652426,38.1426179648342,,,fred_live,fred_backfill_s288,tradingeconomics,,,btlong_seed_s288,btlong_seed_s288,,,,,,,,,,,,,,,,,,,,,,,,,,,,,cnn_api
2026-05-15,52.7,44.8,0.13,65.3428571428571,greed,0.0162951168652426,38.1426179648342,,,fred_live,fred_backfill_s288,tradingeconomics,,,btlong_seed_s288,btlong_seed_s288,,,,,,,,,,,,,,,,,,,,,,,,,,,,,cnn_api
2026-05-20,52.7,44.8,0.13,59.2571428571429,greed,0.0162951168652426,38.1426179648342,,,fred_live,fred_backfill_s288,tradingeconomics,,,btlong_seed_s288,btlong_seed_s288,,,,,,,,,,,,,,,,,,,,,,,,,,,,,cnn_api
2026-05-21,52.7,44.8,0.13,60.8285714285714,greed,0.0162951168652426,38.1426179648342,,,fred_live,fred_backfill_s288,tradingeconomics,,,btlong_seed_s288,btlong_seed_s288,,,,,,,,,,,,,,,,,,,,,,,,,,,,,cnn_api
2026-05-22,52.7,44.8,0.13,60.4857142857143,greed,0.0162951168652426,38.1426179648342,,,fred_live,fred_backfill_s288,tradingeconomics,,,btlong_seed_s288,btlong_seed_s288,,,,,,,,,,,,,,,,,,,,,,,,,,,,,cnn_api
2026-06-05,52.7,49.5,0.1,42.0571428571429,fear,0.0162951168652426,38.1426179648342,,,fred_live,fred_backfill_s288,tradingeconomics,,,seed_carry_forward,seed_carry_forward,,,,,,,,,,,,,,,,,,,,,,,,,,,,,cnn_api
2026-06-08,52.7,49.5,0.1,40.1142857142857,fear,0.0162951168652426,38.1426179648342,,,fred_live,fred_backfill_s288,tradingeconomics,,,seed_carry_forward,seed_carry_forward,,,,,,,,,,,,,,,,,,,,,,,,,,,,,cnn_api
2026-06-09,52.7,49.5,0.1,33.4285714285714,fear,0.0162951168652426,38.1426179648342,,,fred_live,fred_backfill_s288,tradingeconomics,,,seed_carry_forward,seed_carry_forward,,,,,,,,,,,,,,,,,,,,,,,,,,,,,cnn_api
2026-06-10,52.7,49.5,0.1,27.4571428571429,fear,0.0162951168652426,38.1426179648342,,,fred_live,fred_backfill_s288,tradingeconomics,,,seed_carry_forward,seed_carry_forward,,,,,,,,,,,,,,,,,,,,,,,,,,,,,cnn_api
2026-06-11,52.7,49.5,0.1,29.6857142857143,fear,0.0162951168652426,38.1426179648342,,,fred_live,fred_backfill_s288,tradingeconomics,,,seed_carry_forward,seed_carry_forward,,,,,,,,,,,,,,,,,,,,,,,,,,,,,cnn_api
2026-06-12,52.7,49.5,0.1,34.0,fear,0.0162951168652426,38.1426179648342,,,fred_live,fred_backfill_s288,tradingeconomics,,,seed_carry_forward,seed_carry_forward,,,,,,,,,,,,,,,,,,,,,,,,,,,,,cnn_api
2026-06-15,52.7,49.5,0.1,40.8571428571429,fear,0.0162951168652426,38.1426179648342,,,fred_live,fred_backfill_s288,ffill,,,seed_carry_forward,seed_carry_forward,,,,,,,,,,,,,,,,,,,,,,,,,,,,,cnn_api
2026-06-16,52.7,49.5,0.1,39.2,fear,0.0162951168652426,38.1426179648342,,,fred_live,fred_backfill_s288,ffill,,,seed_carry_forward,seed_carry_forward,,,,,,,,,,,,,,,,,,,,,,,,,,,,,cnn_api
2026-06-17,52.7,49.5,0.1,32.6571428571429,fear,0.0162951168652426,38.1426179648342,,,fred_live,fred_backfill_s288,ffill,,,seed_carry_forward,seed_carry_forward,,,,,,,,,,,,,,,,,,,,,,,,,,,,,cnn_api
2026-06-18,52.7,49.5,0.1,37.5142857142857,fear,0.0162951168652426,38.1426179648342,,,fred_live,fred_backfill_s288,ffill,,,seed_carry_forward,seed_carry_forward,,,,,,,,,,,,,,,,,,,,,,,,,,,,,cnn_api
2026-06-22,52.7,49.5,0.1,34.7428571428571,fear,0.0162951168652426,38.1426179648342,1.0,0.0,fred_live,fred_backfill_s288,ffill,fred_semi_live,fred_semi_live,seed_carry_forward,seed_carry_forward,,,,,,,,,,,,,,,,,,,,,,,,,,,,,cnn_api
2026-06-23,52.7,49.5,0.1,27.5428571428571,fear,0.0162951168652426,38.1426179648342,1.0,0.0,fred_live,fred_backfill_s288,ffill,fred_semi_live,fred_semi_live,seed_carry_forward,seed_carry_forward,,,,,,,,,,,,,,,,,,,,,,,,,,,,,cnn_api
2026-06-24,52.7,49.5,0.1,25.9142857142857,fear,0.0162951168652426,38.1426179648342,1.0,0.0,fred_live,fred_backfill_s288,ffill,fred_semi_live,fred_semi_live,seed_carry_forward,seed_carry_forward,,,,,,,,,,,,,,,,,,,,,,,,,,,,,cnn_api
2026-06-25,52.7,49.5,0.1,25.4571428571429,fear,0.0162951168652426,38.1426179648342,1.0,0.0,fred_live,fred_backfill_s288,ffill,fred_semi_live,fred_semi_live,seed_carry_forward,seed_carry_forward,,,,,,,,,,,,,,,,,,,,,,,,,,,,,cnn_api
2026-06-26,52.7,49.5,0.1,24.7714285714286,extreme fear,0.0162951168652426,38.1426179648342,1.0,0.0,fred_live,fred_backfill_s288,ffill,fred_semi_live,fred_semi_live,seed_carry_forward,seed_carry_forward,,,,,,,,,,,,,,,,,,,,,,,,,,,,,cnn_api
2026-06-29,52.7,49.5,0.1,27.0285714285714,fear,0.0162951168652426,38.1426179648342,1.0,0.0,fred_live,fred_backfill_s288,ffill,fred_semi_live,fred_semi_live,seed_carry_forward,seed_carry_forward,,,,,,,,,,,,,,,,,,,,,,,,,,,,,cnn_api
2026-06-30,52.7,49.5,0.1,31.2285714285714,fear,0.0162951168652426,38.1426179648342,1.0,0.0,fred_live,fred_backfill_s288,ffill,fred_semi_live,fred_semi_live,seed_carry_forward,seed_carry_forward,,,,,,,,,,,,,,,,,,,,,,,,,,,,,cnn_api
2026-07-01,52.7,49.5,0.1,31.9142857142857,fear,0.0162951168652426,38.1426179648342,1.0,0.0,fred_live,fred_backfill_s288,ffill,fred_semi_live,fred_semi_live,seed_carry_forward,seed_carry_forward,,,,,,,,,,,,,,,,,,,,,,,,,,,,,cnn_api
2026-07-02,52.7,49.5,0.07,31.4285714285714,fear,0.0162951168652426,38.1426179648342,1.0,0.0,fred_live,fred_backfill_s288,ffill,fred_semi_live,fred_semi_live,seed_carry_forward,seed_carry_forward,,,,,,,,,,,,,,,,,,,,,,,,,,,,,cnn_api
2026-07-06,52.7,49.5,0.07,43.9428571428571,fear,0.0162951168652426,38.1426179648342,1.0,0.0,fred_live,fred_backfill_s288,ffill,fred_semi_live,fred_semi_live,seed_carry_forward,seed_carry_forward,,,,,,,,,,,,,,,,,,,,,,,,,,,,,cnn_api
2026-07-07,52.7,49.5,0.07,43.0,fear,0.0162951168652426,38.1426179648342,1.0,0.0,fred_live,fred_backfill_s288,ffill,fred_semi_live,fred_semi_live,seed_carry_forward,seed_carry_forward,,,,,,,,,,,,,,,,,,,,,,,,,,,,,cnn_api
2026-07-08,52.7,49.5,0.07,42.2285714285714,fear,0.0162951168652426,38.1426179648342,1.0,0.0,fred_live,fred_backfill_s288,ffill,fred_semi_live,fred_semi_live,seed_carry_forward,seed_carry_forward,,,,,,,,,,,,,,,,,,,,,,,,,,,,,cnn_api
2026-07-09,52.7,49.5,0.07,53.0,neutral,0.0162951168652426,38.1426179648342,1.0,0.0,ffill,fred_backfill_s288,ffill,fred_semi_live,fred_semi_live,seed_carry_forward,seed_carry_forward,,,,,,,,,,,,,,,,,,,,,,,,,,,,,argus_proxy_backfill
2026-07-10,52.7,49.5,0.07,53.0,neutral,0.0162951168652426,38.1426179648342,1.0,0.0,ffill,fred_backfill_s288,ffill,fred_semi_live,fred_semi_live,seed_carry_forward,seed_carry_forward,,,,,,,,,,,,,,,,,,,,,,,,,,,,,argus_proxy_backfill
2026-07-13,52.7,49.5,0.07,43.6857142857143,fear,0.0162951168652426,38.1426179648342,1.0,0.0,fred_live,fred_backfill_s288,ffill,fred_semi_live,fred_semi_live,seed_carry_forward,seed_carry_forward,,,,,,,,,,,,,,,,,,,,,,,,,,,,,cnn_api
2026-07-14,52.7,49.5,0.07,43.1428571428572,fear,0.0162951168652426,38.1426179648342,1.0,0.0,fred_live,fred_backfill_s288,ffill,fred_semi_live,fred_semi_live,seed_carry_forward,seed_carry_forward,,,,,,,,,,,,,,,,,,,,,,,,,,,,,cnn_api
2026-07-15,52.7,49.5,0.07,46.2857142857143,neutral,0.0162951168652426,38.1426179648342,1.0,0.0,ffill,fred_backfill_s288,ffill,fred_semi_live,fred_semi_live,seed_carry_forward,seed_carry_forward,,,,,,,,,,,,,,,,,,,,,,,,,,,,,cnn_api
2026-07-16,52.7,49.5,0.07,41.6857142857143,fear,0.0162951168652426,38.1426179648342,1.0,0.0,fred_live,fred_backfill_s288,ffill,fred_semi_live,fred_semi_live,seed_carry_forward,seed_carry_forward,,,,,,,,,,,,,,,,,,,,,,,,,,,,,cnn_api
2026-07-17,52.7,49.5,0.07,37.0571428571429,fear,0.0162951168652426,38.1426179648342,1.0,0.0,fred_live,fred_backfill_s288,ffill,fred_semi_live,fred_semi_live,seed_carry_forward,seed_carry_forward,,,,,,,,,,,,,,,,,,,,,,,,,,,,,cnn_api
2026-07-20,52.7,49.5,0.07,37.5142857142857,fear,0.0162951168652426,38.1426179648342,1.0,0.0,fred_live,fred_backfill_s288,ffill,fred_semi_live,fred_semi_live,seed_carry_forward,seed_carry_forward,,,,,,,,,,,,,,,,,,,,,,,,,,,,,cnn_api
2026-07-21,52.7,49.5,0.07,41.0285714285714,fear,0.0162951168652426,38.1426179648342,1.0,0.0,fred_live,fred_backfill_s288,ffill,fred_semi_live,fred_semi_live,seed_carry_forward,seed_carry_forward,,,,,,,,,,,,,,,,,,,,,,,,,,,,,cnn_api
2026-07-22,52.7,49.5,0.07,42.8285714285714,fear,0.0162951168652426,38.1426179648342,1.0,0.0,fred_live,fred_backfill_s288,ffill,fred_semi_live,fred_semi_live,seed_carry_forward,seed_carry_forward,,,,,,,,,,,,,,,,,,,,,,,,,,,,,cnn_api
2026-07-23,52.7,49.5,0.07,39.6,fear,0.0162951168652426,38.1426179648342,1.0,0.0,fred_live,fred_backfill_s288,ffill,fred_semi_live,fred_semi_live,seed_carry_forward,seed_carry_forward,,,,,,,,,,,,,,,,,,,,,,,,,,,,,cnn_api
2026-07-24,52.7,49.5,0.07,39.4285714285714,fear,0.0162951168652426,38.1426179648342,1.0,0.0,fred_live,fred_backfill_s288,ffill,fred_semi_live,fred_semi_live,seed_carry_forward,seed_carry_forward,,,,,,,,,,,,,,,,,,,,,,,,,,,,,cnn_api
2026-07-27,52.7,49.5,0.07,39.5428571428571,fear,0.0162951168652426,38.1426179648342,1.0,0.0,fred_live,fred_backfill_s288,ffill,fred_semi_live,fred_semi_live,seed_carry_forward,seed_carry_forward,,,,,,,,,,,,,,,,,,,,,,,,,,,,,cnn_api
2026-07-29,52.7,49.5,0.07,32.2530612244898,fear,0.0162951168652426,38.1426179648342,1.0,0.0,fred_live,fred_backfill_s288,ffill,fred_semi_live,fred_semi_live,seed_carry_forward,seed_carry_forward,,,,,,,,,,,,,,,,,,,,,,,,,,,,,cnn_api
2026-07-30,52.7,49.5,0.07,38.9142857142857,fear,0.0162951168652426,38.1426179648342,1.0,0.0,fred_live,fred_backfill_s288,ffill,fred_semi_live,fred_semi_live,seed_carry_forward,seed_carry_forward,,,,,,,,,,,,,,,,,,,,,,,,,,,,,cnn_api
2026-07-31,52.7,49.5,0.07,42.4571428571429,fear,0.0162951168652426,38.1426179648342,1.0,0.0,fred_live,fred_backfill_s288,ffill,fred_semi_live,fred_semi_live,seed_carry_forward,seed_carry_forward,,,,,,,,,,,,,,,,,,,,,,,,,,,,,cnn_api
2026-08-03,52.7,49.5,0.07,45.8285714285714,neutral,0.0162951168652426,38.1426179648342,1.0,0.0,fred_live,fred_backfill_s288,ffill,fred_semi_live,fred_semi_live,seed_carry_forward,seed_carry_forward,,,,,,,,,,,,,,,,,,,,,,,,,,,,,cnn_api
2026-08-04,52.7,49.5,0.07,58.1142857142857,greed,0.0162951168652426,38.1426179648342,1.0,0.0,fred_live,fred_backfill_s288,ffill,fred_semi_live,fred_semi_live,seed_carry_forward,seed_carry_forward,,,,,,,,,,,,,,,,,,,,,,,,,,,,,cnn_api
2026-08-05,52.7,49.5,0.07,59.6571428571429,greed,0.0162951168652426,38.1426179648342,1.0,0.0,fred_live,fred_backfill_s288,ffill,fred_semi_live,fred_semi_live,seed_carry_forward,seed_carry_forward,,,,,,,,,,,,,,,,,,,,,,,,,,,,,cnn_api
2026-08-06,52.7,49.5,0.07,59.7142857142857,greed,0.0162951168652426,38.1426179648342,1.0,0.0,fred_live,fred_backfill_s288,ffill,fred_semi_live,fred_semi_live,seed_carry_forward,seed_carry_forward,,,,,,,,,,,,,,,,,,,,,,,,,,,,,cnn_api
2026-08-07,52.7,49.5,-0.03,63.6857142857143,greed,0.0162951168652426,38.1426179648342,1.0,0.0,fred_live,fred_backfill_s288,ffill,fred_semi_live,fred_semi_live,seed_carry_forward,seed_carry_forward,,,,,,,,,,,,,,,,,,,,,,,,,,,,,cnn_api
2026-08-10,52.7,49.5,-0.03,64.4,greed,0.0162951168652426,38.1426179648342,1.0,0.0,fred_live,fred_backfill_s288,ffill,fred_semi_live,fred_semi_live,seed_carry_forward,seed_carry_forward,,,,,,,,,,,,,,,,,,,,,,,,,,,,,cnn_api
2026-08-11,52.7,49.5,-0.03,60.8,greed,0.0162951168652426,38.1426179648342,1.0,0.0,fred_live,fred_live,ffill,fred_semi_live,fred_semi_live,seed_carry_forward,seed_carry_forward,,,,,,,,,,,,,,,,,,,,,,,,,,,,,cnn_api
2026-08-12,52.7,49.5,-0.03,62.0,greed,0.0162951168652426,38.1426179648342,1.0,0.0,fred_live,fred_live,ffill,fred_semi_live,fred_semi_live,seed_carry_forward,seed_carry_forward,,,,,,,,,,,,,,,,,,,,,,,,,,,,,cnn_api
2026-08-13,52.7,49.5,-0.03,66.7428571428571,greed,0.0162951168652426,38.1426179648342,1.0,0.0,fred_live,fred_live,ffill,fred_semi_live,fred_semi_live,seed_carry_forward,seed_carry_forward,,,,,,,,,,,,,,,,,,,,,,,,,,,,,cnn_api
2026-08-14,52.7,49.5,-0.03,64.9714285714286,greed,0.0162951168652426,38.1426179648342,1.0,0.0,fred_live,fred_live,ffill,fred_semi_live,fred_semi_live,seed_carry_forward,seed_carry_forward,,,,,,,,,,,,,,,,,,,,,,,,,,,,,cnn_api
2026-08-17,52.7,49.5,-0.03,59.9714285714286,greed,0.0162951168652426,38.1426179648342,1.0,0.0,fred_live,fred_live,ffill,fred_semi_live,fred_semi_live,seed_carry_forward,seed_carry_forward,,,,,,,,,,,,,,,,,,,,,,,,,,,,,cnn_api
2026-08-18,52.7,49.5,-0.03,54.4,neutral,0.0162951168652426,38.1426179648342,1.0,0.0,fred_live,fred_live,ffill,fred_semi_live,fred_semi_live,seed_carry_forward,seed_carry_forward,,,,,,,,,,,,,,,,,,,,,,,,,,,,,cnn_api
2026-08-19,52.7,49.5,-0.03,56.3428571428571,greed,0.0162951168652426,38.1426179648342,1.0,0.0,fred_live,fred_live,ffill,fred_semi_live,fred_semi_live,seed_carry_forward,seed_carry_forward,,,,,,,,,,,,,,,,,,,,,,,,,,,,,cnn_api
2026-08-20,52.7,49.5,-0.03,52.4857142857143,neutral,0.0162951168652426,38.1426179648342,1.0,0.0,fred_live,fred_live,ffill,fred_semi_live,fred_semi_live,seed_carry_forward,seed_carry_forward,,,,,,,,,,,,,,,,,,,,,,,,,,,,,cnn_api
2026-08-21,52.7,49.5,-0.03,55.1714285714286,greed,0.0162951168652426,38.1426179648342,1.0,0.0,fred_live,fred_live,ffill,fred_semi_live,fred_semi_live,seed_carry_forward,seed_carry_forward,,,,,,,,,,,,,,,,,,,,,,,,,,,,,cnn_api
2026-08-24,52.7,49.5,-0.03,55.0285714285714,greed,0.0162951168652426,38.1426179648342,1.0,0.0,fred_live,fred_live,ffill,fred_semi_live,fred_semi_live,seed_carry_forward,seed_carry_forward,,,,,,,,,,,,,,,,,,,,,,,,,,,,,cnn_api
2026-08-25,52.7,49.5,-0.03,58.8,greed,0.0162951168652426,38.1426179648342,1.0,0.0,fred_live,fred_live,ffill,fred_semi_live,fred_semi_live,seed_carry_forward,seed_carry_forward,,,,,,,,,,,,,,,,,,,,,,,,,,,,,cnn_api
2026-08-26,52.7,49.5,-0.03,54.9428571428571,neutral,0.0162951168652426,38.1426179648342,1.0,0.0,fred_live,fred_live,ffill,fred_semi_live,fred_semi_live,seed_carry_forward,seed_carry_forward,,,,,,,,,,,,,,,,,,,,,,,,,,,,,cnn_api
2026-08-27,52.7,55.2,-0.03,54.4285714285714,neutral,0.0162951168652426,38.1426179648342,1.0,0.0,fred_live,fred_live,ffill,fred_semi_live,fred_semi_live,seed_carry_forward,seed_carry_forward,,,,,,,,,,,,,,,,,,,,,,,,,,,,,cnn_api
2026-08-28,52.7,55.2,-0.03,54.4285714285714,neutral,0.0162951168652426,38.1426179648342,1.0,0.0,fred_live,fred_live,ffill,fred_semi_live,fred_semi_live,seed_carry_forward,seed_carry_forward,,,,,,,,,,,,,,,,,,,,,,,,,,,,,cnn_api
2026-08-31,52.7,55.2,-0.03,49.7142857142857,neutral,0.0162951168652426,38.1426179648342,1.0,0.0,fred_live,fred_live,ffill,fred_semi_live,fred_semi_live,seed_carry_forward,seed_carry_forward,,,,,,,,,,,,,,,,,,,,,,,,,,,,,cnn_api
2026-09-01,52.7,55.2,-0.03,33.2285714285714,fear,0.0162951168652426,38.1426179648342,1.0,0.0,fred_live,fred_live,ffill,fred_semi_live,fred_semi_live,seed_carry_forward,seed_carry_forward,,,,,,,,,,,,,,,,,,,,,,,,,,,,,cnn_api
2026-09-02,52.7,55.2,-0.03,35.2571428571429,fear,0.0162951168652426,38.1426179648342,1.0,0.0,fred_live,fred_live,ffill,fred_semi_live,fred_semi_live,seed_carry_forward,seed_carry_forward,,,,,,,,,,,,,,,,,,,,,,,,,,,,,cnn_api
2026-09-03,52.7,55.2,-0.07,41.8571428571429,fear,0.0162951168652426,38.1426179648342,1.0,0.0,fred_live,fred_live,ffill,fred_semi_live,fred_semi_live,seed_carry_forward,seed_carry_forward,,,,,,,,,,,,,,,,,,,,,,,,,,,,,cnn_api
2026-09-04,52.7,55.2,-0.07,40.6285714285714,fear,0.0162951168652426,38.1426179648342,1.0,0.0,fred_live,fred_live,ffill,fred_semi_live,fred_semi_live,seed_carry_forward,seed_carry_forward,,,,,,,,,,,,,,,,,,,,,,,,,,,,,cnn_api
2026-09-08,52.7,55.2,-0.07,39.0285714285714,fear,0.0162951168652426,38.1426179648342,1.0,0.0,fred_live,fred_live,ffill,fred_semi_live,fred_semi_live,seed_carry_forward,seed_carry_forward,,,,,,,,,,,,,,,,,,,,,,,,,,,,,cnn_api
2026-09-09,52.7,55.2,-0.07,36.6,fear,0.0162951168652426,38.1426179648342,1.0,0.0,fred_live,fred_live,ffill,fred_semi_live,fred_semi_live,seed_carry_forward,seed_carry_forward,,,,,,,,,,,,,,,,,,,,,,,,,,,,,cnn_api
2026-09-10,52.7,55.2,-0.07,33.1142857142857,fear,0.0162951168652426,38.1426179648342,1.0,0.0,fred_live,fred_live,ffill,fred_semi_live,fred_semi_live,seed_carry_forward,seed_carry_forward,,,,,,,,,,,,,,,,,,,,,,,,,,,,,cnn_api
2026-09-11,52.7,55.2,-0.07,33.3428571428571,fear,0.0162951168652426,38.1426179648342,1.0,0.0,fred_live,fred_live,ffill,fred_semi_live,fred_semi_live,seed_carry_forward,seed_carry_forward,,,,,,,,,,,,,,,,,,,,,,,,,,,,,cnn_api
2026-09-14,52.7,55.2,-0.07,31.0571428571429,fear,0.0162951168652426,38.1426179648342,1.0,0.0,fred_live,fred_live,ffill,fred_semi_live,fred_semi_live,seed_carry_forward,seed_carry_forward,,,,,,,,,,,,,,,,,,,,,,,,,,,,,cnn_api
2026-09-15,52.7,55.2,-0.07,53.0,neutral,0.0162951168652426,38.1426179648342,1.0,0.0,ffill,ffill,ffill,fred_semi_live,fred_semi_live,seed_carry_forward,seed_carry_forward,,,,,,,,,,,,,,,,,,,,,,,,,,,,,argus_proxy_backfill
2026-09-16,52.7,55.2,-0.07,26.4857142857143,fear,0.0162951168652426,38.1426179648342,1.0,0.0,fred_live,fred_live,ffill,fred_semi_live,fred_semi_live,seed_carry_forward,seed_carry_forward,,,,,,,,,,,,,,,,,,,,,,,,,,,,,cnn_api
2026-09-17,52.7,55.2,-0.07,29.1142857142857,fear,0.0162951168652426,38.1426179648342,1.0,0.0,fred_live,fred_live,ffill,fred_semi_live,fred_semi_live,seed_carry_forward,seed_carry_forward,,,,,,,,,,,,,,,,,,,,,,,,,,,,,cnn_api
2026-09-18,52.7,55.2,-0.07,29.1142857142857,fear,0.0162951168652426,38.1426179648342,1.0,0.0,fred_live,fred_live,ffill,fred_semi_live,fred_semi_live,seed_carry_forward,seed_carry_forward,,,,,,,,,,,,,,,,,,,,,,,,,,,,,cnn_api
2026-09-21,52.7,55.2,-0.07,33.7142857142857,fear,0.0162951168652426,38.1426179648342,1.0,0.0,fred_live,fred_live,ffill,fred_semi_live,fred_semi_live,seed_carry_forward,seed_carry_forward,,,,,,,,,,,,,,,,,,,,,,,,,,,,,cnn_api
2026-09-22,52.7,55.2,-0.07,35.2571428571429,fear,0.0162951168652426,38.1426179648342,1.0,0.0,fred_live,fred_live,ffill,fred_semi_live,fred_semi_live,seed_carry_forward,seed_carry_forward,,,,,,,,,,,,,,,,,,,,,,,,,,,,,cnn_api
2026-09-23,52.7,55.2,-0.07,34.0,fear,0.0162951168652426,38.1426179648342,1.0,0.0,fred_live,fred_live,ffill,fred_semi_live,fred_semi_live,seed_carry_forward,seed_carry_forward,,,,,,,,,,,,,,,,,,,,,,,,,,,,,cnn_api
2026-09-24,52.7,55.2,-0.07,36.0,fear,0.0162951168652426,38.1426179648342,1.0,0.0,fred_live,fred_live,ffill,fred_semi_live,fred_semi_live,seed_carry_forward,seed_carry_forward,,,,,,,,,,,,,,,,,,,,,,,,,,,,,cnn_api
2026-09-25,52.7,51.7,-0.07,37.0,fear,0.0162951168652426,38.1426179648342,1.0,0.0,fred_live,fred_live,ffill,fred_semi_live,fred_semi_live,seed_carry_forward,seed_carry_forward,,,,,,,,,,,,,,,,,,,,,,,,,,,,,cnn_api
2026-09-28,52.7,51.7,-0.07,33.9428571428571,fear,0.0162951168652426,38.1426179648342,1.0,0.0,fred_live,fred_live,ffill,fred_semi_live,fred_semi_live,seed_carry_forward,seed_carry_forward,,,,,,,,,,,,,,,,,,,,,,,,,,,,,cnn_api
2026-09-29,52.7,51.7,-0.07,31.6285714285714,fear,0.0162951168652426,38.1426179648342,1.0,0.0,fred_live,fred_live,ffill,fred_semi_live,fred_semi_live,seed_carry_forward,seed_carry_forward,,,,,,,,,,,,,,,,,,,,,,,,,,,,,cnn_api
2026-09-30,52.7,51.7,-0.07,30.8285714285714,fear,0.0162951168652426,38.1426179648342,1.0,0.0,fred_live,fred_live,ffill,fred_semi_live,fred_semi_live,seed_carry_forward,seed_carry_forward,,,,,,,,,,,,,,,,,,,,,,,,,,,,,cnn_api
2026-10-01,52.7,51.7,-0.07,28.0285714285714,fear,0.0162951168652426,38.1426179648342,1.0,0.0,fred_prior_date_vintage,fred_prior_date_vintage,ffill,estimated_release_lag_current_vintage,estimated_release_lag_current_vintage,seed_carry_forward,seed_carry_forward,verified_prior_date,2026-10-01,2026-09-30,2026-08-01,2026-09-30,2026-09-30,2026-10-02T07:03:06.781862+00:00,SAHMCURRENT,,,daily_prior_date_not_intraday,fred_prior_date_v1,-0.07,df4b2d12806a2e4c65c944f7595569a647452d1909613fb27690e60a59eef4cf,verified_prior_date,2026-10-01,2026-09-30,2026-08-01,2026-09-30,2026-09-30,2026-10-02T07:03:10.593971+00:00,UMCSENT,,,daily_prior_date_not_intraday,fred_prior_date_v1,51.7,5297eebf0a69fb53538df59ddb53e2cd50d51bf230a9070c925b484034160044,cnn_api
2026-10-02,52.7,51.7,-0.07,31.1714285714286,fear,0.0162951168652426,38.1426179648342,1.0,0.0,fred_prior_date_vintage,fred_prior_date_vintage,ffill,estimated_release_lag_current_vintage,estimated_release_lag_current_vintage,seed_carry_forward,seed_carry_forward,verified_prior_date,2026-10-02,2026-10-01,2026-08-01,2026-10-01,2026-10-01,2026-10-03T01:56:24.737491+00:00,SAHMCURRENT,,,daily_prior_date_not_intraday,fred_prior_date_v1,-0.07,cc4c4901cca675e8eeabf2e914ffe5f79b843b22bdec16b10d69222c4f9b371e,verified_prior_date,2026-10-02,2026-10-01,2026-08-01,2026-10-01,2026-10-01,2026-10-03T01:56:27.260719+00:00,UMCSENT,,,daily_prior_date_not_intraday,fred_prior_date_v1,51.7,85c0a8b5545582560721f35dd3b038b46f5f65ef4b031202c2b0dc76c5497200,cnn_api
2026-10-05,52.7,51.7,0.0,43.1428571428571,fear,0.0162951168652426,38.1426179648342,1.0,0.0,fred_prior_date_vintage,fred_prior_date_vintage,ffill,estimated_release_lag_current_vintage,estimated_release_lag_current_vintage,seed_carry_forward,seed_carry_forward,verified_prior_date,2026-10-05,2026-10-04,2026-09-01,2026-10-04,2026-10-04,2026-10-05T22:33:39.535761+00:00,SAHMCURRENT,,,daily_prior_date_not_intraday,fred_prior_date_v1,0.0,bb397a7be824b796bb9dab7b8f4b0c56d565b9b3786ee99e3a9c6efc6e95ef7f,verified_prior_date,2026-10-05,2026-10-04,2026-08-01,2026-10-04,2026-10-04,2026-10-05T22:33:43.474218+00:00,UMCSENT,,,daily_prior_date_not_intraday,fred_prior_date_v1,51.7,680cf845d0dbbdc6b6b95b979316b913e9e88f26057d7589a71d48bd6f4dbc41,cnn_api
