date,queue,grade,slots_full,strong,super,spy_close,fwd21_pct,fwd63_pct,pos_src,schema_version
2026-09-18,0,0,False,,,761.69,,,causal_engine_target,maq_causal/1.0
2026-09-21,2,2,False,SLV:12.5|ITA:4.0,ITA|SLV,773.5,,,causal_engine_target,maq_causal/1.0
2026-09-23,2,2,False,GLD:4.1|ITA:4.0,ITA|GLD,767.81,,,causal_engine_target,maq_causal/1.0
2026-09-24,2,2,False,GLD:4.1|ITA:4.0,ITA|GLD,767.18,,,causal_engine_target,maq_causal/1.0
2026-09-25,3,3+,False,GLD:4.1|ITA:4.0|QQQM:3.5,ITA|GLD,771.35,,,causal_engine_target,maq_causal/1.0
2026-09-28,3,3+,False,GLD:4.1|ITA:4.0|PAVE:6.7,ITA|GLD,765.61,,,causal_engine_target,maq_causal/1.0
2026-09-30,3,3+,False,GLD:4.1|ITA:4.0|PAVE:6.7,ITA|GLD,762.63,,,causal_engine_target,maq_causal/1.0
2026-10-01,3,3+,False,GLD:4.1|ITA:4.0|PAVE:6.7,ITA|GLD,763.99,,,causal_engine_target,maq_causal/1.0
2026-10-02,2,2,False,GLD:4.1|ITA:4.0,ITA|GLD,769.64,,,causal_engine_target,maq_causal/1.0
2026-10-05,4,3+,False,XLU:4.0|GLD:4.1|ITA:4.0|QQQM:3.5,XLU|ITA|GLD,774.83,,,causal_engine_target,maq_causal/1.0
2026-10-06,3,3+,False,GLD:4.1|ITA:4.0|QQQM:3.5,ITA|GLD,779.09,,,causal_engine_target,maq_causal/1.0
2026-10-07,0,0,True,,,777.22,,,causal_engine_target,maq_causal/1.0
2026-10-08,2,2,False,GLD:4.1|ITA:4.0,ITA|GLD,773.93,,,causal_engine_target,maq_causal/1.0
2026-10-09,3,3+,False,GLD:4.1|ITA:4.0|QQQM:3.5,ITA|GLD,778.57,,,causal_engine_target,maq_causal/1.0
