date,positions,simulated_positions,src,actions,changed,change_reason,engine,n_pos,exposure,cash,simulated_cash,logged_utc,simulated_actions,vix,wti,tnx
2026-09-18,XLE:1.0000,XLE:0.9906,causal_engine_target,,N,새 계약 첫 기록 — 과거 행과 비교하지 않음,PRIMA2_v0_5_45_CROWN110_CAUSAL_GUARD.py,1,1.0,0.0,0.009439115767403078,2026-09-21T09:16:57.359367+00:00,,14.8100004196167,100.3000030517578,4.998000144958496
2026-09-21,XLE:1.0000,XLE:0.9903,causal_engine_target,,N,목표 변화 없음,PRIMA2_v0_5_45_CROWN110_CAUSAL_GUARD.py,1,1.0,0.0,0.00971693265549881,2026-09-22T01:45:25.539846+00:00,,14.869999885559082,92.8499984741211,4.963000297546387
2026-09-23,XLE:1.0000,XLE:0.9903,causal_engine_target,,N,목표 변화 없음,PRIMA2_v0_5_45_CROWN110_CAUSAL_GUARD.py,1,1.0,0.0,0.009732733922965578,2026-09-24T15:31:38.873996+00:00,,15.18000030517578,92.16000366210938,5.113999843597412
2026-09-24,XLE:0.9000,XLE:0.9903,causal_engine_target,,Y,엔진 목표 변경 관측,PRIMA2_v0_5_45_CROWN110_CAUSAL_GUARD.py,1,0.9,0.09999999999999998,0.009697321515446214,2026-09-25T12:51:04.889983+00:00,,15.670000076293944,94.61000061035156,5.162000179290772
2026-09-25,XLE:1.0000,XLE:0.8910,causal_engine_target,,Y,엔진 목표 변경 관측,PRIMA2_v0_5_45_CROWN110_CAUSAL_GUARD.py,1,1.0,0.0,0.10899297805387334,2026-09-26T01:59:07.082145+00:00,,14.869999885559082,92.44000244140624,5.184000015258789
2026-09-28,XLE:0.9000,XLE:0.9902,causal_engine_target,,Y,엔진 목표 변경 관측,PRIMA2_v0_5_45_CROWN110_CAUSAL_GUARD.py,1,0.9,0.09999999999999998,0.009808413285292127,2026-09-29T02:40:37.571695+00:00,,16.06999969482422,93.5,5.240000247955322
2026-09-30,XLE:0.9000,XLE:0.8909,causal_engine_target,,N,목표 변화 없음,PRIMA2_v0_5_45_CROWN110_CAUSAL_GUARD.py,1,0.9,0.09999999999999998,0.10905518142409754,2026-10-01T05:00:09.734319+00:00,,16.34000015258789,90.36000061035156,5.293000221252441
2026-10-01,XLE:0.9000,XLE:0.8931,causal_engine_target,,N,목표 변화 없음,PRIMA2_v0_5_45_CROWN110_CAUSAL_GUARD.py,1,0.9,0.09999999999999998,0.10693500836567368,2026-10-02T02:36:38.084072+00:00,,16.389999389648438,92.79000091552734,5.236999988555908
2026-10-02,XLE:0.7000,XLE:0.8932,causal_engine_target,,Y,엔진 목표 변경 관측,PRIMA2_v0_5_45_CROWN110_CAUSAL_GUARD.py,1,0.7,0.30000000000000004,0.10678103495983232,2026-10-03T02:22:09.892467+00:00,,15.3100004196167,91.26000213623048,5.276999950408936
2026-10-05,XLE:0.9000,XLE:0.6939,causal_engine_target,,Y,엔진 목표 변경 관측,PRIMA2_v0_5_45_CROWN110_CAUSAL_GUARD.py,1,0.9,0.09999999999999998,0.3061327089111845,2026-10-06T03:23:06.530215+00:00,,15.520000457763672,89.66999816894531,5.310999870300293
2026-10-06,XLE:0.9000,XLE:0.8924,causal_engine_target,,N,목표 변화 없음,PRIMA2_v0_5_45_CROWN110_CAUSAL_GUARD.py,1,0.9,0.09999999999999998,0.10756548794510408,2026-10-07T02:45:30.427789+00:00,,15.010000228881836,90.26000213623048,5.269000053405762
2026-10-07,GLD:0.4624|ITA:0.2782|XLE:0.0803|XLU:0.0556|INDA:0.0235,XLE:0.8918,causal_engine_target,,Y,엔진 목표 변경 관측,PRIMA2_v0_5_45_CROWN110_CAUSAL_GUARD.py,5,0.9,0.09999999999999998,0.10816557892166169,2026-10-08T02:59:08.331582+00:00,BUY INDA (SC6.1|C) ; BUY GLD (SC4.4|A) ; BUY XLU (SC4.0|S) ; BUY ITA (SC4.0|A),15.079999923706056,89.63999938964844,5.276999950408936
