Date,MU,HYG,LQD
2021-09-13,72.5014419555664,66.46326446533203,111.0191421508789
2021-09-14,71.66281127929688,66.4330825805664,111.35484313964844
2021-09-15,71.98461151123047,66.53118896484375,111.22383117675781
2021-09-16,72.77447509765625,66.508544921875,111.06828308105469
2021-09-17,72.45270538330078,66.42548370361328,110.82268524169922
2021-09-20,70.5706787109375,66.19152069091797,111.16649627685547
2021-09-21,70.34638977050781,66.30471801757812,111.1583480834961
2021-09-22,72.13088989257812,66.42548370361328,111.46944427490234
2021-09-23,72.19914245605469,66.45569610595703,110.69987487792969
2021-09-24,72.20893096923828,66.35755920410156,110.46243286132812
2021-09-27,73.310791015625,66.29719543457031,110.40510559082031
2021-09-28,71.28252410888672,65.99526977539062,109.2261734008789
2021-09-29,69.85883331298828,66.11602783203125,109.20161437988281
2021-09-30,69.3119888305664,66.04055786132812,108.91506958007812
2021-10-01,69.32176208496094,66.19884490966797,109.7066421508789
2021-10-04,68.96044158935547,65.96405792236328,109.52616882324219
2021-10-05,68.84326934814453,65.93374633789062,109.07498931884766
2021-10-06,68.29643249511719,65.89586639404297,109.10779571533203
2021-10-07,68.88233947753906,65.90345001220703,108.62382507324219
2021-10-08,68.47220611572266,65.7065658569336,108.12346649169922
2021-10-11,67.59335327148438,65.50206756591797,107.91836547851562
2021-10-12,65.15210723876953,65.6232681274414,108.60740661621094
2021-10-13,64.8200912475586,65.79743194580078,109.15702819824219
2021-10-14,66.20669555664062,66.16852569580078,109.67378234863281
2021-10-15,66.08953857421875,66.05493927001953,109.28004455566406
2021-10-18,65.6794204711914,66.02464294433594,109.18980407714844
2021-10-19,65.98211669921875,66.0700912475586,108.59102630615234
2021-10-20,66.6656494140625,66.09278106689453,108.32853698730469
2021-10-21,67.0269775390625,65.92620849609375,108.0988540649414
2021-10-22,65.92353057861328,65.76712036132812,108.53359985351562
2021-10-25,67.1441421508789,65.88074493408203,108.58281707763672
2021-10-26,67.31993103027344,65.89586639404297,109.05038452148438
2021-10-27,66.63638305664062,65.84288787841797,109.71479797363281
2021-10-28,67.94488525390625,66.00952911376953,109.55078887939453
2021-10-29,67.47616577148438,65.83529663085938,109.49336242675781
2021-11-01,69.03857421875,65.76466369628906,109.29772186279297
2021-11-02,69.09716033935547,65.9241943359375,109.71690368652344
2021-11-03,69.57565307617188,66.05335998535156,109.43745422363281
2021-11-04,70.54237365722656,66.22809600830078,110.0127944946289
2021-11-05,71.20638275146484,66.47882080078125,110.81826782226562
2021-11-08,72.80784606933594,66.39523315429688,110.5634994506836
2021-11-09,73.81364440917969,66.44844055175781,110.85933685302734
2021-11-10,71.68489837646484,66.07614135742188,109.72511291503906
2021-11-11,72.79810333251953,65.96218872070312,109.41280364990234
2021-11-12,75.48345947265625,65.98497009277344,109.29772186279297
2021-11-15,74.97566986083984,65.90899658203125,108.46759796142578
2021-11-16,75.0049819946289,65.93936920166016,108.28675842285156
2021-11-17,73.68671417236328,65.87101745605469,108.72240447998047
2021-11-18,75.21006774902344,65.81784057617188,108.9689712524414
2021-11-19,81.07880401611328,65.76466369628906,109.37992095947266
2021-11-22,81.88928985595703,65.513916015625,108.42652130126953
2021-11-23,83.40288543701172,65.42274475097656,107.65388488769531
2021-11-24,84.18408966064453,65.40755462646484,108.17170715332031
2021-11-26,81.45966339111328,64.93650817871094,109.0511245727539
2021-11-29,84.11573028564453,65.33918762207031,109.1251449584961
2021-11-30,82.0260238647461,65.06571197509766,109.36347961425781
2021-12-01,83.14900970458984,65.07481384277344,109.37915802001953
2021-12-02,80.93233489990234,65.55502319335938,109.63438415527344
2021-12-03,79.70195007324219,65.55502319335938,110.54832458496094
2021-12-06,80.51244354248047,65.84471130371094,109.98847961425781
2021-12-07,83.81301879882812,66.19534301757812,110.03780364990234
2021-12-08,83.99855041503906,66.18012237548828,109.30501556396484
2021-12-09,82.9341812133789,65.88284301757812,109.2144546508789
2021-12-10,83.52982330322266,66.03526306152344,109.33795166015625
2021-12-13,82.3678207397461,66.03526306152344,109.83198547363281
2021-12-14,81.33271026611328,65.92092895507812,109.33795166015625
2021-12-15,83.64700317382812,66.1724853515625,109.47795104980469
2021-12-16,80.74681091308594,66.1235580444336,109.47464752197266
2021-12-17,81.04951477050781,66.06233978271484,109.73035430908203
2021-12-20,80.1023178100586,65.9476089477539,109.25187683105469
2021-12-21,88.54904174804688,66.29946899414062,109.46639251708984
2021-12-22,88.21703338623047,66.47537231445312,109.63963317871094
2021-12-23,92.20116424560547,66.6666030883789,109.47464752197266
2021-12-27,92.2109146118164,66.73543548583984,109.79637908935547
2021-12-28,90.75595092773438,66.70484161376953,109.65609741210938
2021-12-29,93.91002655029297,66.59774017333984,109.0539321899414
2021-12-30,91.68360900878906,66.5671615600586,109.49115753173828
2021-12-31,91.05799865722656,66.55184173583984,109.32613372802734
2022-01-03,93.59957885742188,66.52124786376953,108.16293334960938
2022-01-04,94.17632293701172,66.35298919677734,108.25370025634766
2022-01-05,92.27989196777344,65.84052276611328,107.61846160888672
2022-01-06,93.5018310546875,65.84819030761719,107.47819519042969
2022-01-07,92.32877349853516,65.6799087524414,107.0162124633789
2022-01-10,91.78136444091797,65.73345947265625,106.9172134399414
2022-01-11,92.08439636230469,66.03936004638672,107.23894500732422
2022-01-12,92.97395324707031,66.146484375,107.1646957397461
2022-01-13,93.4725341796875,65.90935516357422,107.50292205810547
2022-01-14,95.17344665527344,65.84819030761719,106.55421447753906
2022-01-18,90.78426361083984,65.52692413330078,105.53949737548828
2022-01-19,87.97871398925781,65.46573638916016,105.7044677734375
2022-01-20,83.1594467163086,65.34334564208984,105.6467056274414
2022-01-21,80.08997344970703,65.35100555419922,106.3396987915039
2022-01-24,81.08704376220703,65.28217315673828,106.00972747802734
2022-01-25,78.90714263916016,65.0909423828125,105.71273040771484
2022-01-26,80.12907409667969,64.869140625,104.99498748779297
2022-01-27,76.9520492553711,64.58615112304688,105.23423767089844
2022-01-28,77.48970031738281,64.76969146728516,105.3497314453125
2022-01-31,80.42233276367188,64.78499603271484,105.39923095703125
2022-02-01,79.62074279785156,65.04218292236328,105.57447052001953
2022-02-02,82.61202239990234,65.14196014404297,105.58273315429688
2022-02-03,80.12907409667969,64.55854797363281,104.73139953613281
2022-02-04,79.34703826904297,64.30522155761719,103.6899642944336
2022-02-07,79.05378723144531,64.25914764404297,103.88005065917969
2022-02-08,82.23078155517578,64.19009399414062,103.49159240722656
2022-02-09,86.14095306396484,64.52783203125,103.83871459960938
2022-02-10,88.97579956054688,63.67573165893555,102.42534637451172
2022-02-11,87.74412536621094,63.45316696166992,103.18573760986328
2022-02-14,87.84188079833984,63.345680236816406,102.26829528808594
2022-02-15,93.8439712524414,63.45316696166992,101.75582885742188
2022-02-16,93.90261840820312,63.80625915527344,101.90459442138672
2022-02-17,91.62494659423828,63.537574768066406,101.97899627685547
2022-02-18,88.7607650756836,63.629695892333984,102.22694396972656
2022-02-22,88.53592681884766,63.483856201171875,102.09469604492188
2022-02-23,85.34915161132812,63.36870574951172,101.16897583007812
2022-02-24,86.8349838256836,63.821632385253906,101.64839172363281
2022-02-25,88.07648468017578,64.1823959350586,102.06167602539062
2022-02-28,86.86433410644531,64.22846984863281,103.15270233154297
2022-03-01,84.32271575927734,64.04894256591797,103.5055160522461
2022-03-02,91.20462036132812,64.20305633544922,101.93187713623047
2022-03-03,87.17713165283203,64.01044464111328,102.30455017089844
2022-03-04,80.07040405273438,63.5943717956543,102.40394592285156
2022-03-07,73.99988555908203,63.03961944580078,101.16160583496094
2022-03-08,75.4271011352539,62.81620407104492,100.55697631835938
2022-03-09,77.65587615966797,63.340110778808594,100.73092651367188
2022-03-10,74.01943969726562,62.808467864990234,99.57965850830078
2022-03-11,71.18456268310547,62.35391616821289,99.53825378417969
2022-03-14,67.84138488769531,61.61426544189453,98.09712219238281
2022-03-15,71.46807098388672,62.0765380859375,98.86734771728516
2022-03-16,77.8807144165039,62.94717788696289,99.71219635009766
2022-03-17,78.71163940429688,63.37864303588867,100.68951416015625
2022-03-18,77.62657928466797,63.58668899536133,100.88826751708984
2022-03-21,76.5903549194336,62.85469055175781,99.48853302001953
2022-03-22,77.34307098388672,63.17832946777344,99.24834442138672
2022-03-23,73.9510269165039,62.97800827026367,99.52996826171875
2022-03-24,76.45350646972656,63.10898208618164,99.57136535644531
2022-03-25,76.34598541259766,62.654380798339844,98.78453063964844
2022-03-28,78.06645202636719,63.047340393066406,99.3311996459961
2022-03-29,80.207275390625,63.82548904418945,100.16770935058594
2022-03-30,77.38217163085938,63.632869720458984,100.39961242675781
2022-03-31,76.14069366455078,63.401756286621094,100.16770935058594
2022-04-01,74.46910858154297,63.397098541259766,100.50386047363281
2022-04-04,75.92564392089844,63.87673568725586,100.85245513916016
2022-04-05,72.93437957763672,63.049007415771484,99.08456420898438
2022-04-06,72.12300109863281,62.553871154785156,98.50359344482422
2022-04-07,71.63423919677734,62.45332336425781,98.04707336425781
2022-04-08,70.61621856689453,62.07423400878906,97.27518463134766
2022-04-11,70.5085220336914,61.64876937866211,96.32897186279297
2022-04-12,70.43999481201172,62.120662689208984,96.39537048339844
2022-04-13,70.85111236572266,62.492000579833984,96.89337158203125
2022-04-14,68.64865112304688,62.07423400878906,95.76461029052734
2022-04-18,69.6471176147461,61.973697662353516,95.03419494628906
2022-04-19,71.19373321533203,61.91950225830078,94.27891540527344
2022-04-20,71.65381622314453,62.11292266845703,95.25830078125
2022-04-21,69.4219741821289,61.687435150146484,94.24571990966797
2022-04-22,67.94385528564453,61.31612777709961,94.1377944946289
2022-04-25,68.63887786865234,61.834434509277344,95.18360900878906
2022-04-26,65.66307830810547,61.470829010009766,95.13381958007812
2022-04-27,65.06596374511719,61.169132232666016,94.2208023071289
2022-04-28,68.6976089477539,61.5095100402832,94.50299072265625
2022-04-29,66.7496337890625,60.751365661621094,93.45722198486328
2022-05-02,69.10872650146484,60.75526809692383,92.9031982421875
2022-05-03,69.75477600097656,61.07368469238281,93.50213623046875
2022-05-04,72.06494140625,61.69496154785156,94.41719055175781
2022-05-05,69.7841567993164,60.59990692138672,92.96974182128906
2022-05-06,68.864013671875,60.25821304321289,92.17947387695312
2022-05-09,66.49510955810547,59.62138366699219,92.50387573242188
2022-05-10,67.45442199707031,59.96309280395508,92.89483642578125
2022-05-11,65.54561614990234,59.60584259033203,93.32743835449219
2022-05-12,66.27976989746094,59.582550048828125,93.3690414428711
2022-05-13,70.40084838867188,59.65244674682617,92.87822723388672
2022-05-16,68.98149108886719,59.567020416259766,93.00302124023438
2022-05-17,72.90679168701172,59.512672424316406,92.47063446044922
2022-05-18,69.54924011230469,59.02337646484375,92.81171417236328
2022-05-19,67.93408966064453,59.41946029663086,93.06121826171875
2022-05-20,67.44463348388672,59.38063430786133,93.51876831054688
2022-05-23,68.12007904052734,59.613643646240234,93.18605041503906
2022-05-24,65.2127914428711,59.97088623046875,94.40887451171875
2022-05-25,66.43640899658203,60.8795051574707,95.38217163085938
2022-05-26,69.10872650146484,61.726036071777344,95.40713500976562
2022-05-27,71.77127075195312,62.27742004394531,95.90621185302734
2022-05-31,72.28028869628906,61.74155044555664,95.19912719726562
2022-06-01,71.99642181396484,61.51313400268555,94.643798828125
2022-06-02,73.77798461914062,61.7703742980957,94.68547058105469
2022-06-03,68.4626693725586,61.310447692871094,94.38529205322266
2022-06-06,68.96189880371094,60.850433349609375,93.71820831298828
2022-06-07,69.2653579711914,60.99079513549805,94.2185287475586
2022-06-08,67.15095520019531,60.46844482421875,93.6764907836914
2022-06-09,64.62547302246094,59.98504638671875,93.05947875976562
2022-06-10,61.29728317260742,58.96373748779297,92.15888977050781
2022-06-13,57.59714126586914,56.99123001098633,90.03250885009766
2022-06-14,57.46009826660156,57.365478515625,89.5655517578125
2022-06-15,57.87122344970703,58.480342864990234,90.9664306640625
2022-06-16,53.848026275634766,57.5526008605957,91.06649780273438
2022-06-17,54.572410583496094,57.731929779052734,91.24996185302734
2022-06-21,55.6002197265625,57.69293212890625,90.33268737792969
2022-06-22,55.14992904663086,57.67733383178711,90.99143981933594
2022-06-23,55.03247833251953,58.090538024902344,91.69189453125
2022-06-24,57.20558547973633,58.503753662109375,91.80028533935547
2022-06-27,57.53839874267578,58.145111083984375,90.95808410644531
2022-06-28,56.63782501220703,57.50580596923828,90.93310546875
2022-06-29,54.83669662475586,57.420082092285156,91.47509002685547
2022-06-30,54.112327575683594,57.38887405395508,91.75025177001953
2022-07-01,52.51676559448242,57.936279296875,92.90998077392578
2022-07-05,55.53171157836914,57.88145446777344,92.88490295410156
2022-07-06,56.1581916809082,57.66219711303711,92.42503356933594
2022-07-07,57.6069221496582,58.60193634033203,92.41667938232422
2022-07-08,58.00414276123047,58.64891815185547,92.26618194580078
2022-07-11,56.6996955871582,58.320003509521484,92.5253677368164
2022-07-12,58.04338073730469,58.554954528808594,92.65912628173828
2022-07-13,57.729530334472656,58.4922981262207,93.3531265258789
2022-07-14,58.210113525390625,58.38268280029297,92.75950622558594
2022-07-15,60.34823989868164,59.12663650512695,93.5036392211914
2022-07-18,59.28899383544922,58.554954528808594,92.85145568847656
2022-07-19,61.2015380859375,59.33024978637695,93.11066436767578
2022-07-20,62.084251403808594,59.588680267333984,93.01028442382812
2022-07-21,62.41771697998047,60.293514251708984,94.2812271118164
2022-07-22,60.11285400390625,60.215206146240234,95.00863647460938
2022-07-25,58.99474334716797,60.19954299926758,94.20597076416016
2022-07-26,58.51416015625,59.776676177978516,94.1892318725586
2022-07-27,60.701324462890625,60.43448257446289,94.81634521484375
2022-07-28,60.877872467041016,61.05314636230469,95.6022720336914
2022-07-29,60.671913146972656,61.233280181884766,95.82806396484375
2022-08-01,61.33884811401367,61.25212860107422,96.01744079589844
2022-08-02,61.27019119262695,60.969112396240234,94.84406280517578
2022-08-03,63.015995025634766,61.503726959228516,95.87496948242188
2022-08-04,63.60447692871094,61.66883850097656,96.02583312988281
2022-08-05,61.2603874206543,61.35433578491211,94.72673034667969
2022-08-08,60.269779205322266,61.40937042236328,95.10388946533203
2022-08-09,58.01395034790039,60.95338439941406,94.67644500732422
2022-08-10,60.220741271972656,61.86538314819336,95.5732421875
2022-08-11,61.123077392578125,61.51158905029297,94.65129852294922
2022-08-12,63.79081726074219,62.06191635131836,95.749267578125
2022-08-15,63.45735549926758,61.95186233520508,95.68223571777344
2022-08-16,62.63350296020508,61.66096115112305,95.31342315673828
2022-08-17,60.4365119934082,61.02416229248047,94.4166030883789
2022-08-18,61.7703971862793,61.11848831176758,94.65968322753906
2022-08-19,59.34783172607422,60.497406005859375,93.53656768798828
2022-08-22,57.19007873535156,59.81343078613281,92.9079818725586
2022-08-23,56.74872589111328,59.9627685546875,93.00853729248047
2022-08-24,57.19007873535156,60.033538818359375,92.73194885253906
2022-08-25,60.02458572387695,60.599605560302734,93.68746185302734
2022-08-26,56.52314376831055,59.60113525390625,93.12589263916016
2022-08-29,55.91505813598633,59.37315368652344,92.4386215209961
2022-08-30,55.21868896484375,58.91716003417969,92.555908203125
2022-08-31,55.444271087646484,58.59481430053711,91.58367156982422
2022-09-01,56.20928955078125,58.74964904785156,91.0323257446289
2022-09-02,55.24812316894531,58.71016311645508,91.0995864868164
2022-09-06,54.16923522949219,58.55215835571289,89.86406707763672
2022-09-07,53.943668365478516,59.39753723144531,91.09117889404297
2022-09-08,54.32616424560547,59.658260345458984,90.88107299804688
2022-09-09,56.336795806884766,59.89527893066406,91.09117889404297
2022-09-12,56.82720184326172,60.07697677612305,90.88948059082031
2022-09-13,52.59017562866211,58.71016311645508,90.23390197753906
2022-09-14,52.089962005615234,58.797061920166016,90.66254425048828
2022-09-15,51.67802810668945,58.42574691772461,90.22547149658203
2022-09-16,51.8349609375,58.62324905395508,90.0153579711914
2022-09-19,51.099361419677734,58.84446716308594,90.16663360595703
2022-09-20,49.82433319091797,58.244022369384766,89.26734924316406
2022-09-21,49.13777160644531,58.07020950317383,89.60353088378906
2022-09-22,48.70623016357422,57.722572326660156,88.34281158447266
2022-09-23,49.13777160644531,56.9878044128418,88.09066009521484
2022-09-26,47.94120407104492,56.316253662109375,86.56099700927734
2022-09-27,49.608558654785156,56.19776153564453,85.25825500488281
2022-09-28,50.020477294921875,57.20112991333008,86.97286224365234
2022-09-29,49.04949951171875,56.66387939453125,86.3256607055664
2022-09-30,49.13777160644531,56.403167724609375,86.10710906982422
2022-10-03,50.726654052734375,57.142337799072266,87.7000732421875
2022-10-04,52.92363357543945,58.373008728027344,88.10487365722656
2022-10-05,53.6788444519043,58.14276885986328,87.43867492675781
2022-10-06,53.570953369140625,57.968082427978516,87.23627471923828
2022-10-07,52.003292083740234,57.26144027709961,86.3676986694336
2022-10-10,50.4995231628418,56.5627555847168,85.5918960571289
2022-10-11,52.78958511352539,56.737422943115234,85.414794921875
2022-10-12,51.84603500366211,56.83269500732422,85.31359100341797
2022-10-13,53.91987991333008,56.9597282409668,85.46541595458984
2022-10-14,51.81654739379883,56.77711868286133,84.64743041992188
2022-10-17,52.583187103271484,57.47578430175781,85.05220031738281
2022-10-18,51.64946365356445,57.88075637817383,85.55816650390625
2022-10-19,52.12124252319336,57.324981689453125,84.38602447509766
2022-10-20,52.779754638671875,57.007415771484375,83.6523666381836
2022-10-21,55.089481353759766,57.55522537231445,83.88851165771484
2022-10-24,55.27622604370117,57.59490203857422,83.84632110595703
2022-10-25,54.912567138671875,58.15071105957031,84.96788787841797
2022-10-26,54.4997673034668,58.30949020385742,85.35578155517578
2022-10-27,51.31529235839844,58.73823165893555,85.75214385986328
2022-10-28,53.11392593383789,59.1908073425293,85.92920684814453
2022-10-31,53.17290115356445,58.301544189453125,85.46541595458984
2022-11-01,53.91987991333008,58.65224838256836,86.080322265625
2022-11-02,52.5340461730957,58.11823654174805,85.6658935546875
2022-11-03,52.56352996826172,57.70380783081055,85.36134338378906
2022-11-04,55.197593688964844,58.102298736572266,85.5305404663086
2022-11-07,55.59074401855469,58.094337463378906,85.21758270263672
2022-11-08,56.50480651855469,58.038543701171875,85.57279205322266
2022-11-09,55.01085662841797,57.34513473510742,85.35292053222656
2022-11-10,59.23716735839844,59.13044357299805,88.21184539794922
2022-11-11,61.4486083984375,59.337650299072266,88.44866943359375
2022-11-14,60.72129440307617,58.89932632446289,88.0003662109375
2022-11-15,62.018672943115234,59.41738510131836,89.22681427001953
2022-11-16,57.86115264892578,59.28986358642578,89.98808288574219
2022-11-17,57.7333869934082,59.034820556640625,89.50595092773438
2022-11-18,57.57612991333008,59.16232681274414,89.4974594116211
2022-11-21,56.18046569824219,59.138423919677734,89.3621597290039
2022-11-22,57.615447998046875,59.568782806396484,90.1572494506836
2022-11-23,57.92013168334961,59.903541564941406,91.0622787475586
2022-11-25,57.40904235839844,59.78399658203125,91.15534210205078
2022-11-28,54.79462814331055,59.15433883666992,90.49555206298828
2022-11-29,54.1754150390625,59.409393310546875,90.0472640991211
2022-11-30,56.66206359863281,60.30205535888672,91.1468505859375
2022-12-01,54.539085388183594,60.525394439697266,92.28731536865234
2022-12-02,53.74296569824219,60.47734451293945,92.84733581542969
2022-12-05,53.11392593383789,59.90106201171875,92.05819702148438
2022-12-06,52.76009750366211,59.684974670410156,92.33824157714844
2022-12-07,52.89769744873047,60.01312255859375,93.36493682861328
2022-12-08,54.25404739379883,60.06114196777344,93.06797790527344
2022-12-09,53.9296989440918,60.06114196777344,92.3721694946289
2022-12-12,54.4014778137207,60.29325866699219,92.25337982177734
2022-12-13,54.29336929321289,60.917572021484375,93.0594711303711
2022-12-14,53.654502868652344,60.57339096069336,93.14434051513672
2022-12-15,51.148197174072266,60.344886779785156,93.22261047363281
2022-12-16,51.17768478393555,60.02304458618164,92.82257843017578
2022-12-19,50.83369064331055,59.71728515625,91.88638305664062
2022-12-20,49.81150436401367,59.56441879272461,90.8054428100586
2022-12-21,50.31276321411133,60.07133102416992,91.42676544189453
2022-12-22,48.58293151855469,59.70122146606445,91.40126037597656
2022-12-23,49.33973693847656,59.85408020019531,91.12036895751953
2022-12-27,49.16282272338867,59.23453903198242,89.94583892822266
2022-12-28,48.27824020385742,58.43798828125,89.66496276855469
2022-12-29,49.78202819824219,59.194313049316406,90.30331420898438
2022-12-30,49.23528289794922,59.24256896972656,89.73306274414062
2023-01-03,49.619476318359375,59.35523223876953,90.3543701171875
2023-01-04,53.39240646362305,60.03913497924805,91.00973510742188
2023-01-05,53.89480972290039,59.9184455871582,90.941650390625
2023-01-06,55.92411422729492,60.77130889892578,92.43109893798828
2023-01-09,55.520225524902344,60.98856735229492,92.79705810546875
2023-01-10,56.357566833496094,60.916141510009766,92.48219299316406
2023-01-11,57.19489669799805,61.318458557128906,93.2737045288086
2023-01-12,56.416664123535156,61.664405822753906,94.32907104492188
2023-01-13,56.08173751831055,61.664405822753906,94.02271270751953
2023-01-17,56.002933502197266,61.45523452758789,93.6822509765625
2023-01-18,55.66799545288086,61.52766036987305,94.78019714355469
2023-01-19,55.520225524902344,61.165592193603516,94.58441925048828
2023-01-20,57.588932037353516,61.28626251220703,94.09078216552734
2023-01-23,60.89887619018555,61.27821731567383,93.81844329833984
2023-01-24,60.34721374511719,61.318458557128906,94.31204986572266
2023-01-25,60.623046875,61.31040573120117,94.35459899902344
2023-01-26,61.86426544189453,61.46327590942383,94.320556640625
2023-01-27,62.9183349609375,61.27821731567383,94.04822540283203
2023-01-30,60.79050827026367,60.94029998779297,93.69075012207031
2023-01-31,59.40151596069336,61.415000915527344,94.36312866210938
2023-02-01,61.6672477722168,62.0601806640625,95.3210220336914
2023-02-02,62.22875213623047,62.41590881347656,95.45762634277344
2023-02-03,61.48007583618164,61.76103591918945,94.37336730957031
2023-02-06,59.08628845214844,61.3648796081543,93.64767456054688
2023-02-07,61.20425033569336,61.58317184448242,93.34033966064453
2023-02-08,59.352256774902344,61.3244514465332,93.43426513671875
2023-02-09,59.283302307128906,60.92829513549805,92.6488037109375
2023-02-10,58.92867660522461,60.45936965942383,91.99996948242188
2023-02-13,59.22420883178711,60.61298370361328,92.34146881103516
2023-02-14,61.1451530456543,60.62915802001953,92.11096954345703
2023-02-15,60.9185791015625,60.532135009765625,91.76090240478516
2023-02-16,59.15524673461914,60.04703903198242,91.02667236328125
2023-02-17,58.13074493408203,60.281494140625,91.38526153564453
2023-02-21,56.74174880981445,59.351707458496094,90.08756256103516
2023-02-22,56.13098907470703,59.73982238769531,90.34370422363281
2023-02-23,57.87461853027344,60.33000183105469,91.05228424072266
2023-02-24,57.313114166259766,59.96616744995117,90.36929321289062
2023-02-27,57.03728103637695,60.370426177978516,90.39491271972656
2023-02-28,56.95846939086914,60.25724792480469,90.4290542602539
2023-03-01,56.485618591308594,60.08642578125,89.86530303955078
2023-03-02,55.58918762207031,60.15962600708008,89.94243621826172
2023-03-03,55.933963775634766,60.77780532836914,90.96197509765625
2023-03-06,55.98322677612305,60.77780532836914,90.71349334716797
2023-03-07,54.73215103149414,60.346710205078125,90.45645141601562
2023-03-08,56.04233169555664,60.06199645996094,90.31082916259766
2023-03-09,54.771549224853516,59.72853088378906,90.22514343261719
2023-03-10,54.11153793334961,59.73666000366211,91.51883697509766
2023-03-13,53.096885681152344,59.41130828857422,91.59597778320312
2023-03-14,53.46137619018555,59.8424072265625,91.3218002319336
2023-03-15,53.323455810546875,59.6472053527832,92.19568634033203
2023-03-16,55.72709274291992,60.03762435913086,92.0586166381836
2023-03-17,55.81576156616211,59.679718017578125,92.52124786376953
2023-03-20,56.781150817871094,59.51701736450195,92.24708557128906
2023-03-21,57.75639724731445,60.167762756347656,92.69261169433594
2023-03-22,57.30325698852539,60.224700927734375,93.23239135742188
2023-03-23,60.426029205322266,59.98881912231445,93.49795532226562
2023-03-24,60.24870300292969,59.86680221557617,93.78926849365234
2023-03-27,58.89912033081055,59.720375061035156,92.66690826416016
2023-03-28,58.39670944213867,59.68784713745117,92.51268768310547
2023-03-29,62.59324645996094,60.43619918823242,92.94107055664062
2023-03-30,62.14994812011719,60.79408264160156,93.069580078125
2023-03-31,59.44092559814453,61.45295715332031,93.90921783447266
2023-04-03,58.721805572509766,61.40556335449219,94.47643280029297
2023-04-04,56.416664123535156,61.225765228271484,94.59674835205078
2023-04-05,56.17039108276367,60.882598876953125,94.9061508178711
2023-04-06,57.80403137207031,61.152259826660156,94.82018280029297
2023-04-10,62.453224182128906,61.09503936767578,94.38188934326172
2023-04-11,62.74935531616211,61.225765228271484,94.35614776611328
2023-04-12,61.16013717651367,61.2094612121582,94.15843200683594
2023-04-13,62.18671417236328,61.62616729736328,94.32169342041016
2023-04-14,61.82149124145508,61.51176452636719,94.01236724853516
2023-04-17,61.7326545715332,61.34835433959961,93.41932678222656
2023-04-18,61.13051986694336,61.38924026489258,93.72871398925781
2023-04-19,59.8670539855957,61.14407730102539,93.2646484375
2023-04-20,60.66659927368164,61.08686447143555,93.61698913574219
2023-04-21,60.34085464477539,61.27481460571289,93.67715454101562
2023-04-24,58.741764068603516,61.44639587402344,94.08967590332031
2023-04-25,57.38945007324219,61.34835433959961,94.50221252441406
2023-04-26,60.23227310180664,61.11139678955078,94.08967590332031
2023-04-27,61.10091018676758,61.31568145751953,93.74590301513672
2023-04-28,63.52914810180664,61.57715606689453,94.47643280029297
2023-05-01,61.54509735107422,61.29483413696289,92.95181274414062
2023-05-02,61.10091018676758,61.237396240234375,94.0728530883789
2023-05-03,60.12368392944336,61.20458221435547,94.22805786132812
2023-05-04,59.72885513305664,61.024024963378906,93.96935272216797
2023-05-05,60.4395637512207,61.3522834777832,93.59857940673828
2023-05-08,60.084205627441406,61.17995834350586,92.9259262084961
2023-05-09,60.143428802490234,61.024024963378906,92.89144897460938
2023-05-10,59.215572357177734,61.39332580566406,93.62442016601562
2023-05-11,60.814659118652344,61.29483413696289,93.98661804199219
2023-05-12,60.13356018066406,61.07326889038086,93.40885925292969
2023-05-15,63.8055419921875,61.056854248046875,92.90868377685547
2023-05-16,62.907291412353516,60.63011169433594,92.44303131103516
2023-05-17,64.08192443847656,60.79425048828125,92.4344253540039
2023-05-18,66.69770812988281,60.827056884765625,92.04634857177734
2023-05-19,67.28997039794922,60.8927116394043,91.93423461914062
2023-05-22,65.37501525878906,61.163536071777344,91.89974212646484
2023-05-23,65.1578598022461,60.84345245361328,92.08946228027344
2023-05-24,65.67115020751953,60.416744232177734,91.7272720336914
2023-05-25,68.71138763427734,60.375701904296875,91.42548370361328
2023-05-26,72.9756088256836,60.745018005371094,91.8134994506836
2023-05-30,70.7645263671875,61.00760269165039,92.50338745117188
2023-05-31,67.319580078125,60.81885528564453,92.8051986694336
2023-06-01,68.19808959960938,61.18416213989258,93.08983612060547
2023-06-02,68.27705383300781,61.49748611450195,92.83895874023438
2023-06-05,66.89512634277344,61.448028564453125,92.63998413085938
2023-06-06,66.6681137084961,61.54697799682617,92.8216552734375
2023-06-07,66.19429779052734,61.20888137817383,91.99112701416016
2023-06-08,64.47677612304688,61.59642791748047,92.6053466796875
2023-06-09,64.58535766601562,61.6129264831543,92.36312866210938
2023-06-12,66.57927703857422,61.54697799682617,92.65727233886719
2023-06-13,66.99384307861328,61.62118148803711,92.24201965332031
2023-06-14,68.22770690917969,61.64592361450195,92.52749633789062
2023-06-15,67.93157196044922,61.9427604675293,93.33206176757812
2023-06-16,66.78656005859375,61.78609085083008,93.16768646240234
2023-06-20,66.03638458251953,61.62118148803711,93.50511932373047
2023-06-21,64.9505615234375,61.46451187133789,93.40132141113281
2023-06-22,65.3947525024414,61.28308868408203,92.91682434082031
2023-06-23,64.4372787475586,61.1759147644043,93.17634582519531
2023-06-26,64.6050796508789,61.20888137817383,93.28018188476562
2023-06-27,65.92777252197266,61.4150276184082,93.17634582519531
2023-06-28,66.20416259765625,61.76961898803711,93.58296203613281
2023-06-29,63.49954605102539,61.60469055175781,92.87355041503906
2023-06-30,62.295291900634766,61.90153121948242,93.55702209472656
2023-07-03,63.07508850097656,61.804542541503906,93.2948989868164
2023-07-05,61.25883865356445,61.61384963989258,92.62659454345703
2023-07-06,60.4395637512207,61.16617965698242,91.68922424316406
2023-07-07,59.97970199584961,61.224220275878906,91.60243225097656
2023-07-10,61.78947067260742,61.53096389770508,92.0798110961914
2023-07-11,62.89708709716797,61.86257553100586,92.51376342773438
2023-07-12,63.084999084472656,62.34343719482422,93.32963562011719
2023-07-13,63.816810607910156,62.71651077270508,93.9892807006836
2023-07-14,63.37179183959961,62.26050567626953,93.26016998291016
2023-07-17,64.43986511230469,62.37656784057617,93.41641235351562
2023-07-18,64.22227478027344,62.5506706237793,93.65077209472656
2023-07-19,64.2420654296875,62.60040283203125,94.1801986694336
2023-07-20,63.97505187988281,62.326820373535156,93.5466079711914
2023-07-21,64.92445373535156,62.48433303833008,93.7115249633789
2023-07-24,64.7563247680664,62.37656784057617,93.59867858886719
2023-07-25,64.9541015625,62.33512878417969,93.45112609863281
2023-07-26,66.63529968261719,62.58384323120117,93.88508605957031
2023-07-27,70.28453826904297,62.0864143371582,92.73941040039062
2023-07-28,70.41310119628906,62.44288635253906,93.34698486328125
2023-07-31,70.60099792480469,62.59211349487305,93.60735321044922
2023-08-01,69.97796630859375,62.282257080078125,92.67462921142578
2023-08-02,67.41658782958984,62.01569747924805,92.10851287841797
2023-08-03,68.41541290283203,61.8157844543457,91.28114318847656
2023-08-04,69.1373519897461,62.18230056762695,92.2304458618164
2023-08-07,68.61321258544922,62.29892349243164,92.00399780273438
2023-08-08,66.90232849121094,62.43218994140625,92.36978149414062
2023-08-09,65.96283721923828,62.44054412841797,92.45687103271484
2023-08-10,64.71675109863281,62.42387008666992,91.80370330810547
2023-08-11,63.658592224121094,62.33223342895508,91.49016571044922
2023-08-14,67.5253677368164,62.323917388916016,91.45531463623047
2023-08-15,64.60797119140625,62.12399673461914,90.9762954711914
2023-08-16,63.5102424621582,61.932411193847656,90.56696319580078
2023-08-17,62.857540130615234,61.67418670654297,90.3231201171875
2023-08-18,62.88719940185547,61.71582794189453,90.66276550292969
2023-08-21,63.25311279296875,61.69916534423828,90.12278747558594
2023-08-22,62.70919418334961,61.73249435424805,90.40149688720703
2023-08-23,64.46953582763672,62.23227310180664,91.67304992675781
2023-08-24,62.986106872558594,61.8907470703125,91.35953521728516
2023-08-25,63.01577377319336,62.148983001708984,91.41178131103516
2023-08-28,64.58818054199219,62.38222122192383,91.69918823242188
2023-08-29,65.94306182861328,62.77371597290039,92.43075561523438
2023-08-30,67.33747863769531,62.74871826171875,92.30010986328125
2023-08-31,69.16703796386719,62.70707321166992,92.45687103271484
2023-09-01,69.612060546875,62.825103759765625,91.79873657226562
2023-09-05,69.51315307617188,62.41501235961914,91.14321899414062
2023-09-06,69.63182830810547,62.26436233520508,91.05581665039062
2023-09-07,69.0978012084961,62.47358703613281,91.45787811279297
2023-09-08,69.40438079833984,62.4484748840332,91.52779388427734
2023-09-11,69.25602722167969,62.55727767944336,91.35297393798828
2023-09-12,69.53295135498047,62.45685958862305,91.3267822265625
2023-09-13,70.06697082519531,62.62422180175781,91.52779388427734
2023-09-14,70.99658203125,62.69955825805664,91.36170959472656
2023-09-15,69.1076889038086,62.4652099609375,91.22187805175781
2023-09-18,69.72084045410156,62.50706481933594,91.39666748046875
2023-09-19,69.92851257324219,62.3145751953125,91.09074401855469
2023-09-20,68.90989685058594,62.26436233520508,91.12574005126953
2023-09-21,67.14957427978516,61.820804595947266,90.2080078125
2023-09-22,68.11874389648438,61.929603576660156,90.7586441040039
2023-09-25,67.82205200195312,61.84593200683594,89.87588500976562
2023-09-26,67.18914794921875,61.578121185302734,89.62242889404297
2023-09-27,67.4561538696289,61.49443817138672,89.20289611816406
2023-09-28,64.47940826416016,61.78733444213867,89.36022186279297
2023-09-29,67.27812957763672,61.69527816772461,89.16792297363281
2023-10-02,67.20889282226562,61.32090759277344,88.35102081298828
2023-10-03,67.08035278320312,60.698368072509766,87.33316040039062
2023-10-04,67.35725402832031,61.00965118408203,88.09654998779297
2023-10-05,68.286865234375,61.068519592285156,87.99127197265625
2023-10-06,69.30220794677734,61.152652740478516,87.72801971435547
2023-10-09,68.8267593383789,61.606956481933594,88.8160629272461
2023-10-10,68.42057800292969,61.5900993347168,88.85118865966797
2023-10-11,69.54988098144531,61.5816764831543,89.3951644897461
2023-10-12,69.09420776367188,61.253631591796875,88.46509552001953
2023-10-13,68.55927276611328,61.20314407348633,88.95645904541016
2023-10-16,68.43049621582031,61.18632888793945,88.34223175048828
2023-10-17,68.35124969482422,60.9002685546875,87.64027404785156
2023-10-18,68.48992156982422,60.6058235168457,86.93831634521484
2023-10-19,66.89507293701172,60.3870964050293,86.2363510131836
2023-10-20,66.5879898071289,60.513301849365234,86.57853698730469
2023-10-23,66.25118255615234,60.75724411010742,87.25421142578125
2023-10-24,67.43000030517578,61.068519592285156,87.7455825805664
2023-10-25,65.87474822998047,60.74040603637695,86.94707489013672
2023-10-26,63.923274993896484,60.95075225830078,87.57886505126953
2023-10-27,65.03274536132812,60.875038146972656,87.40337371826172
2023-10-30,65.44879913330078,60.89185333251953,87.14012145996094
2023-10-31,66.24128723144531,61.05168914794922,87.01729583740234
2023-11-01,68.74749755859375,61.63362121582031,88.26256561279297
2023-11-02,69.77771759033203,62.32716369628906,89.31060791015625
2023-11-03,71.8975830078125,62.93616485595703,89.75093078613281
2023-11-06,72.2343978881836,62.68241882324219,89.27538299560547
2023-11-07,72.11553955078125,62.69084930419922,89.98870086669922
2023-11-08,71.60041809082031,62.72471237182617,90.4466781616211
2023-11-09,72.87828063964844,62.33563232421875,89.53076934814453
2023-11-10,74.65145111083984,62.640098571777344,89.97991943359375
2023-11-13,74.07691955566406,62.580909729003906,89.98870086669922
2023-11-14,76.44442749023438,63.21525192260742,91.39783477783203
2023-11-15,76.41471099853516,63.012245178222656,90.92225646972656
2023-11-16,75.94913482666016,63.096832275390625,91.67084503173828
2023-11-17,76.83078002929688,63.24065017700195,91.93505096435547
2023-11-20,77.88080596923828,63.30828857421875,92.3049545288086
2023-11-21,75.98876190185547,63.392879486083984,92.33135986328125
2023-11-22,76.37509155273438,63.50286102294922,92.70123291015625
2023-11-24,76.14725494384766,63.4351692199707,92.22565460205078
2023-11-27,76.78125,63.52820587158203,92.9742431640625
2023-11-28,75.40431213378906,63.80734634399414,93.34414672851562
2023-11-29,75.96895599365234,64.15410614013672,94.10153198242188
2023-11-30,75.40431213378906,64.03568267822266,93.60833740234375
2023-12-01,75.2160873413086,64.56587219238281,94.73542785644531
2023-12-04,73.59150695800781,64.40445709228516,94.3022689819336
2023-12-05,72.99716186523438,64.46392822265625,95.05366516113281
2023-12-06,72.44241333007812,64.47242736816406,95.40725708007812
2023-12-07,72.95753479003906,64.58287048339844,95.41608428955078
2023-12-08,74.25520324707031,64.45545196533203,94.90338134765625
2023-12-11,77.0586166381836,64.41293334960938,94.87686920166016
2023-12-12,77.42513275146484,64.5573959350586,95.41608428955078
2023-12-13,79.03980255126953,65.54299926757812,97.01606750488281
2023-12-14,81.41725158691406,65.83243560791016,98.0478286743164
2023-12-15,80.64456939697266,65.68727111816406,97.9058837890625
2023-12-18,80.79315948486328,65.72998046875,97.49781036376953
2023-12-19,81.39742279052734,65.9178237915039,97.62200164794922
2023-12-20,77.95015716552734,65.92636108398438,97.87925720214844
2023-12-21,84.67632293701172,66.22518920898438,97.84378814697266
2023-12-22,85.67680358886719,66.14836120605469,97.67521667480469
2023-12-26,86.24144744873047,66.27645111083984,97.87925720214844
2023-12-27,85.84521484375,66.54967498779297,98.79302215576172
2023-12-28,85.19140625,66.33623504638672,98.5357666015625
2023-12-29,84.65082550048828,66.08004760742188,98.17203521728516
2024-01-02,81.675048828125,65.85804748535156,97.50666809082031
2024-01-03,81.59568786621094,65.67874908447266,97.2848892211914
2024-01-04,82.04205322265625,65.42259216308594,96.74371337890625
2024-01-05,82.77608489990234,65.4738540649414,96.39771270751953
2024-01-08,84.26396179199219,65.84099578857422,97.13404846191406
2024-01-09,82.65705108642578,65.9434585571289,97.30260467529297
2024-01-10,81.71472930908203,66.06298065185547,97.17839813232422
2024-01-11,82.71656036376953,66.27645111083984,97.7639389038086
2024-01-12,81.7246322631836,66.34474182128906,97.97687530517578
2024-01-16,83.92671966552734,65.92636108398438,96.98322296142578
2024-01-17,82.60745239257812,65.64460754394531,96.7791748046875
2024-01-18,84.13501739501953,65.7812271118164,96.59288024902344
2024-01-19,86.80329132080078,65.8922119140625,96.69049072265625
2024-01-22,88.51932525634766,65.9434585571289,96.95662689208984
2024-01-23,86.82312774658203,65.86662292480469,96.60176086425781
2024-01-24,87.36869812011719,65.83243560791016,96.41547393798828
2024-01-25,88.47964477539062,66.33623504638672,97.05422973632812
2024-01-26,87.33893585205078,66.28498840332031,96.7791748046875
2024-01-29,88.35070037841797,66.43016052246094,97.17839813232422
2024-01-30,85.46420288085938,66.34474182128906,97.48892974853516
2024-01-31,85.05750274658203,66.15693664550781,97.7373275756836
2024-02-01,84.91864776611328,66.53791046142578,98.49317169189453
2024-02-02,85.78162384033203,66.2375717163086,97.5939712524414
2024-02-05,86.27757263183594,65.92867279052734,96.6591796875
2024-02-06,83.91679382324219,66.16893005371094,97.20225524902344
2024-02-07,84.48218536376953,66.28047943115234,96.91737365722656
2024-02-08,84.19453430175781,66.24615478515625,96.41880798339844
2024-02-09,84.8690414428711,66.38346099853516,96.2941665649414
2024-02-12,85.00790405273438,66.2375717163086,96.30305480957031
2024-02-13,80.87158203125,65.7055435180664,95.24362182617188
2024-02-14,81.1691665649414,65.96297454833984,95.68875122070312
2024-02-15,80.97077178955078,66.19466400146484,96.03598022460938
2024-02-16,78.85797882080078,65.997314453125,95.68875122070312
2024-02-20,80.0582046508789,66.13460540771484,96.0092544555664
2024-02-21,80.83191680908203,66.01447296142578,95.7688980102539
2024-02-22,85.21622467041016,66.33198547363281,95.92022705078125
2024-02-23,85.30548858642578,66.37487030029297,96.20513916015625
2024-02-26,88.737548828125,66.16036224365234,95.90242767333984
2024-02-27,91.10824584960938,66.24615478515625,95.7688980102539
2024-02-28,88.98552703857422,66.2375717163086,95.7599868774414
2024-02-29,89.87825775146484,66.35772705078125,95.84901428222656
2024-03-01,94.381591796875,66.60626220703125,96.43250274658203
2024-03-04,94.99657440185547,66.58899688720703,96.2537841796875
2024-03-05,93.70709991455078,66.5372085571289,96.781005859375
2024-03-06,94.78829193115234,66.70120239257812,97.04013061523438
2024-03-07,98.18067169189453,66.7788314819336,97.28136444091797
2024-03-08,96.83164978027344,66.7961196899414,97.41543579101562
2024-03-11,93.74677276611328,66.7874755859375,97.43328857421875
2024-03-12,96.63326263427734,66.84789276123047,97.12053680419922
2024-03-13,93.39959716796875,66.87379455566406,97.02226257324219
2024-03-14,90.69164276123047,66.55449676513672,96.30742645263672
2024-03-15,92.49694061279297,66.51133728027344,96.33421325683594
2024-03-18,93.02264404296875,66.66666412353516,96.17338562011719
2024-03-19,93.24089050292969,66.93419647216797,96.45037078857422
2024-03-20,95.47271728515625,67.1585693359375,96.62908935546875
2024-03-21,108.96287536621094,67.12406921386719,96.77206420898438
2024-03-22,109.31998443603516,67.05500793457031,97.10269165039062
2024-03-25,116.18407440185547,66.9514389038086,96.77206420898438
2024-03-26,117.84061431884766,66.87379455566406,96.7452392578125
2024-03-27,118.28697204589844,67.2276382446289,97.41543579101562
2024-03-28,117.05082702636719,67.08091735839844,97.32606506347656
2024-04-01,123.41521453857422,66.80768585205078,96.39414978027344
2024-04-02,121.87623596191406,66.69488525390625,96.2506332397461
2024-04-03,127.0987777709961,66.7469711303711,96.31340789794922
2024-04-04,123.20669555664062,66.69488525390625,96.42103576660156
2024-04-05,122.70033264160156,66.63420104980469,95.9994888305664
2024-04-08,122.07481384277344,66.79032135009766,95.99049377441406
2024-04-09,121.757080078125,66.9291000366211,96.48383331298828
2024-04-10,121.33013916015625,66.33927154541016,95.11151123046875
2024-04-11,126.60235595703125,66.27857208251953,94.9141845703125
2024-04-12,121.64788055419922,66.24385070800781,95.12944793701172
2024-04-15,120.50607299804688,65.86219024658203,94.08004760742188
2024-04-16,120.90321350097656,65.64533996582031,93.7660903930664
2024-04-17,115.50194549560547,65.73209381103516,94.2773666381836
2024-04-18,111.13327026367188,65.78414916992188,94.08899688720703
2024-04-19,106.00997924804688,65.90557861328125,94.18765258789062
2024-04-22,108.34326171875,66.26988983154297,94.42086791992188
2024-04-23,111.65950012207031,66.53878784179688,94.58232116699219
2024-04-24,110.98432922363281,66.3913345336914,94.21456146240234
2024-04-25,110.78575134277344,66.25253295898438,93.93651580810547
2024-04-26,114.02254486083984,66.46070861816406,94.29530334472656
2024-04-29,113.54595947265625,66.66020965576172,94.68994140625
2024-04-30,112.15592193603516,66.17446899414062,94.16971588134766
2024-05-01,108.91913604736328,66.52325439453125,94.56143188476562
2024-05-02,111.53041076660156,66.9330825805664,95.14677429199219
2024-05-03,113.88353729248047,67.21212768554688,95.81314086914062
2024-05-06,119.27489471435547,67.29060363769531,96.08329010009766
2024-05-07,118.36144256591797,67.29931640625,96.1283187866211
2024-05-08,118.47065734863281,67.14236450195312,95.88516235351562
2024-05-09,116.97139739990234,67.15980529785156,96.03824615478516
2024-05-10,120.37698364257812,67.05516052246094,95.73210144042969
2024-05-13,122.12445068359375,67.0377426147461,95.76811218261719
2024-05-14,123.92157745361328,67.14236450195312,96.04724884033203
2024-05-15,126.90022277832031,67.53475189208984,96.90274047851562
2024-05-16,126.97965240478516,67.37779998779297,96.74964141845703
2024-05-17,124.39814758300781,67.38652038574219,96.52452087402344
2024-05-20,128.0817413330078,67.42140197753906,96.4794921875
2024-05-21,126.59242248535156,67.36907196044922,96.64159393310547
2024-05-22,125.381103515625,67.22084045410156,96.49750518798828
2024-05-23,125.37118530273438,66.98540496826172,96.07427978515625
2024-05-24,128.56826782226562,67.22084045410156,96.33541870117188
2024-05-28,131.7256317138672,66.9505386352539,95.75910949707031
2024-05-29,130.64340209960938,66.7499771118164,95.24581146240234
2024-05-30,125.39104461669922,67.0202865600586,95.8311538696289
2024-05-31,124.1102294921875,67.25572204589844,96.25437927246094
2024-06-03,127.25765228271484,67.4642105102539,96.91876983642578
2024-06-04,125.73854064941406,67.42919158935547,97.29838562011719
2024-06-05,132.75823974609375,67.64818572998047,97.6238021850586
2024-06-06,129.14414978027344,67.53428649902344,97.56055450439453
2024-06-07,130.00794982910156,67.35907745361328,96.68372344970703
2024-06-10,133.86032104492188,67.42041015625,96.48487854003906
2024-06-11,134.1085205078125,67.50800323486328,96.90068054199219
2024-06-12,139.7481231689453,67.77959442138672,97.49725341796875
2024-06-13,142.12109375,67.77082824707031,97.95830535888672
2024-06-14,140.353759765625,67.50800323486328,98.03963470458984
2024-06-17,146.77769470214844,67.55182647705078,97.57861328125
2024-06-18,152.35768127441406,67.76207733154297,98.03060913085938
2024-06-20,143.16363525390625,67.7182846069336,97.70516204833984
2024-06-21,138.5467071533203,67.797119140625,97.73229217529297
2024-06-24,138.02047729492188,67.72702026367188,97.83172607421875
2024-06-25,140.115478515625,67.81463623046875,97.79557037353516
2024-06-26,141.34664916992188,67.66571807861328,97.26224517822266
2024-06-27,131.2887725830078,67.74453735351562,97.45207214355469
2024-06-28,130.59373474121094,67.5781021118164,96.82836151123047
2024-07-01,130.58380126953125,67.56490325927734,96.2532730102539
2024-07-02,131.64617919921875,67.74984741210938,96.8700942993164
2024-07-03,135.8460693359375,67.98760986328125,97.58670806884766
2024-07-05,130.66322326660156,68.19015502929688,98.09468841552734
2024-07-08,129.87319946289062,68.17256164550781,98.08563232421875
2024-07-09,130.32040405273438,68.09329986572266,97.9041976928711
2024-07-10,135.53756713867188,68.25183868408203,98.14006805419922
2024-07-11,129.41607666015625,68.49840545654297,98.66616821289062
2024-07-12,132.71534729003906,68.6745376586914,99.02902221679688
2024-07-15,130.0520782470703,68.68334197998047,98.48473358154297
2024-07-16,126.6932144165039,68.94754028320312,99.05622100830078
2024-07-17,118.75314331054688,68.8682861328125,99.10159301757812
2024-07-18,116.71595001220703,68.72740173339844,98.67523956298828
2024-07-19,113.54589080810547,68.6745376586914,98.3124008178711
2024-07-22,114.55951690673828,68.92992401123047,98.25796508789062
2024-07-23,113.53596496582031,68.93873596191406,98.18539428710938
2024-07-24,109.59076690673828,68.71855926513672,97.58670806884766
2024-07-25,106.77845764160156,68.72740173339844,97.97677612304688
2024-07-26,108.72621154785156,68.94754028320312,98.52101135253906
2024-07-29,107.17595672607422,68.88589477539062,98.72967529296875
2024-07-30,101.91901397705078,68.92111206054688,98.81129455566406
2024-07-31,109.1336441040039,69.1677017211914,99.3827896118164
2024-08-01,100.8755874633789,69.01634216308594,99.71232604980469
2024-08-02,92.1206283569336,68.78616333007812,100.6864242553711
2024-08-05,89.85488891601562,68.36122131347656,100.43152618408203
2024-08-06,88.44375610351562,68.61797332763672,99.77606964111328
2024-08-07,86.25752258300781,68.7507553100586,99.32088470458984
2024-08-08,91.49458312988281,69.03404235839844,99.36638641357422
2024-08-09,92.49826049804688,69.02519989013672,99.87619018554688
2024-08-12,94.04850769042969,69.06944274902344,100.0855941772461
2024-08-13,96.83102416992188,69.38814544677734,100.78658294677734
2024-08-14,99.78245544433594,69.5120849609375,101.23263549804688
2024-08-15,106.28157043457031,69.57406616210938,100.92313385009766
2024-08-16,107.3150634765625,69.79537200927734,101.22354125976562
2024-08-19,107.9510726928711,69.91046142578125,101.46024322509766
2024-08-20,107.3150634765625,69.84850311279297,101.72425079345703
2024-08-21,107.65296173095703,70.00784301757812,101.95183563232422
2024-08-22,103.60840606689453,69.91931915283203,101.5330810546875
2024-08-23,102.20720672607422,70.2911376953125,102.11569213867188
2024-08-26,98.29183959960938,70.14948272705078,101.98822784423828
2024-08-27,97.24839782714844,70.1937484741211,101.90631103515625
2024-08-28,94.26714324951172,70.15831756591797,101.69692993164062
2024-08-29,94.97270202636719,70.22917938232422,101.52396392822266
2024-08-30,95.63851165771484,70.23802185058594,101.24175262451172
2024-09-03,88.02638244628906,69.98894500732422,101.54783630371094
2024-09-04,88.73196411132812,70.24690246582031,102.17828369140625
2024-09-05,88.83133697509766,70.48706817626953,102.68081665039062
2024-09-06,85.84013366699219,70.39813232421875,102.63512420654297
2024-09-09,85.73082733154297,70.5671615600586,102.86357116699219
2024-09-10,86.30720520019531,70.43373107910156,103.14680480957031
2024-09-11,90.08345031738281,70.54045104980469,103.19249725341797
2024-09-12,86.66494750976562,70.63834381103516,103.119384765625
2024-09-13,90.64988708496094,70.8340072631836,103.43919372558594
2024-09-16,86.63514709472656,71.01190185546875,103.89603424072266
2024-09-17,88.17546081542969,71.02970886230469,103.90516662597656
2024-09-18,86.8040771484375,71.09199523925781,103.47573852539062
2024-09-19,88.69219207763672,71.30546569824219,103.56710815429688
2024-09-20,90.3318862915039,71.39441680908203,103.65847778320312
2024-09-23,92.9852066040039,71.26099395751953,103.51228332519531
2024-09-24,93.41251373291016,71.2698974609375,103.68588256835938
2024-09-25,95.17144775390625,71.18982696533203,103.07372283935547
2024-09-26,109.1932601928711,71.30546569824219,103.07372283935547
2024-09-27,106.82813262939453,71.48336029052734,103.48486328125
2024-09-30,103.06183624267578,71.43000030517578,103.22904968261719
2024-10-01,99.6830825805664,71.39424896240234,103.72516632080078
2024-10-02,99.2259521484375,71.40319061279297,103.49588012695312
2024-10-03,101.18364715576172,71.23336029052734,102.82645416259766
2024-10-04,101.61096954345703,71.15287780761719,102.26707458496094
2024-10-07,102.3819808959961,70.8489761352539,101.7443618774414
2024-10-08,102.01387023925781,71.0188217163086,101.94612121582031
2024-10-09,101.17817687988281,70.9741439819336,101.7443618774414
2024-10-10,105.14772033691406,70.9383773803711,101.63431549072266
2024-10-11,106.37139892578125,71.12606048583984,101.61598205566406
2024-10-14,107.78411102294922,71.1618423461914,101.62513732910156
2024-10-15,103.78473663330078,71.14395141601562,102.12033081054688
2024-10-16,108.67949676513672,71.26908874511719,102.4413070678711
2024-10-17,111.4750747680664,71.1618423461914,101.68016052246094
2024-10-18,110.5796890258789,71.33167266845703,101.56095886230469
2024-10-21,108.52030944824219,71.04563903808594,100.52472686767578
2024-10-22,107.26677703857422,70.94731903076172,100.51554870605469
2024-10-23,104.51100158691406,70.7327880859375,100.17623138427734
2024-10-24,106.30175018310547,70.9383773803711,100.47885131835938
2024-10-25,107.35631561279297,70.86685943603516,100.24043273925781
2024-10-28,105.84412384033203,71.04563903808594,100.15791320800781
2024-10-29,107.62493133544922,71.06349182128906,100.27711486816406
2024-10-30,103.54597473144531,70.9383773803711,100.14871978759766
2024-10-31,99.13870239257812,70.74170684814453,99.9469985961914
2024-11-01,99.21829223632812,70.74620056152344,99.39940643310547
2024-11-04,101.20804595947266,70.94385528564453,100.13563537597656
2024-11-05,104.94874572753906,71.14149475097656,100.61420440673828
2024-11-06,111.25621795654297,71.26726531982422,99.56507873535156
2024-11-07,112.82810974121094,71.57270050048828,100.74303436279297
2024-11-08,111.32584381103516,71.68948364257812,101.09272766113281
2024-11-11,108.09251403808594,71.608642578125,100.89947509765625
2024-11-12,103.56587219238281,71.32115936279297,99.9884033203125
2024-11-13,99.40731048583984,71.33914184570312,99.61107635498047
2024-11-14,98.6711196899414,71.18640899658203,99.58348846435547
2024-11-15,95.84568786621094,71.17742919921875,99.62948608398438
2024-11-18,97.00968170166016,71.31219482421875,99.81354522705078
2024-11-19,97.22855377197266,71.41996002197266,100.02520751953125
2024-11-20,97.86527252197266,71.40200805664062,99.78593444824219
2024-11-21,102.23274993896484,71.42894744873047,99.66632843017578
2024-11-22,102.11335754394531,71.41099548339844,99.75833129882812
2024-11-25,103.94392395019531,71.68052673339844,101.00070190429688
2024-11-26,101.27767944335938,71.54573822021484,100.74303436279297
2024-11-27,97.6961441040039,71.76136016845703,101.11113739013672
2024-11-29,97.44742584228516,71.90510559082031,101.7369155883789
2024-12-02,98.04434967041016,71.87894439697266,101.89669036865234
2024-12-03,99.32772827148438,71.87894439697266,101.53652954101562
2024-12-04,102.67049407958984,72.05037689208984,102.02598571777344
2024-12-05,100.35244750976562,71.98722839355469,101.9982681274414
2024-12-06,100.65089416503906,72.10453033447266,102.2291259765625
2024-12-09,102.29244232177734,72.0142822265625,101.9705581665039
2024-12-10,97.59667205810547,72.05037689208984,101.8135757446289
2024-12-11,101.53634643554688,72.06842803955078,101.53652954101562
2024-12-12,97.7359390258789,71.86988830566406,100.9639892578125
2024-12-13,101.97409057617188,71.662353515625,100.4006576538086
2024-12-16,107.70452880859375,71.79769897460938,100.52995300292969
2024-12-17,108.04278564453125,71.64429473876953,100.5391845703125
2024-12-18,103.36690521240234,70.90862274169922,99.29269409179688
2024-12-19,86.64314270019531,70.83605194091797,98.75518035888672
2024-12-20,89.65760040283203,71.28054809570312,99.14442443847656
2024-12-23,89.2596435546875,71.09005737304688,98.85710906982422
2024-12-24,88.8218994140625,71.31683349609375,99.16295623779297
2024-12-26,89.35913848876953,71.49825286865234,99.25562286376953
2024-12-27,88.17524719238281,71.25333404541016,98.83859252929688
2024-12-30,84.9825439453125,71.35311126708984,99.26490020751953
2024-12-31,83.83696746826172,71.34404754638672,99.01466369628906
2025-01-02,86.99480438232422,71.5163803100586,99.02393341064453
2025-01-03,89.5250473022461,71.625244140625,98.79222869873047
2025-01-06,98.8790054321289,71.75222778320312,98.5420150756836
2025-01-07,101.51883697509766,71.5163803100586,98.08788299560547
2025-01-08,99.02843475341797,71.60710906982422,98.24545288085938
2025-01-10,98.95869445800781,71.23516082763672,97.6801528930664
2025-01-13,94.69512939453125,71.21703338623047,97.402099609375
2025-01-14,96.98629760742188,71.30775451660156,97.51329803466797
2025-01-15,102.7939224243164,71.93366241455078,98.68104553222656
2025-01-16,102.2061767578125,72.01531219482422,98.87565612792969
2025-01-17,105.34410095214844,72.07878875732422,98.95905303955078
2025-01-21,108.96015930175781,72.269287109375,99.53365325927734
2025-01-22,108.81074523925781,72.16950225830078,99.21853637695312
2025-01-23,104.43758392333984,72.2602310180664,99.07952880859375
2025-01-24,102.7939224243164,72.34185028076172,99.27416229248047
2025-01-27,90.76029205322266,72.39627075195312,99.9599609375
2025-01-28,87.91126251220703,72.36907196044922,99.82096099853516
2025-01-29,88.66835021972656,72.3237075805664,99.69121551513672
2025-01-30,92.14495849609375,72.45978546142578,99.91361999511719
2025-01-31,90.8897933959961,72.31465148925781,99.5892333984375
2025-02-03,89.5748519897461,72.2235107421875,99.74645233154297
2025-02-04,90.31201171875,72.45133209228516,99.94178009033203
2025-02-05,93.24073028564453,72.64268493652344,100.63936614990234
2025-02-06,94.1771240234375,72.53334045410156,100.45333862304688
2025-02-07,91.94572448730469,72.3055419921875,100.01618957519531
2025-02-10,95.5617904663086,72.45133209228516,100.04408264160156
2025-02-11,93.71887969970703,72.42400360107422,99.82086944580078
2025-02-12,91.3281021118164,72.26909637451172,99.2813720703125
2025-02-13,95.29283142089844,72.59711456298828,100.05340576171875
2025-02-14,99.13799285888672,72.67913055419922,100.44405364990234
2025-02-18,106.3801040649414,72.6153564453125,100.03480529785156
2025-02-19,103.95942687988281,72.6700210571289,100.09059143066406
2025-02-20,102.7839584350586,72.7155990600586,100.33243560791016
2025-02-21,98.46060943603516,72.57889556884766,100.68586730957031
2025-02-24,95.04378509521484,72.6700210571289,100.94629669189453
2025-02-25,92.86219024658203,72.85225677490234,101.71830749511719
2025-02-26,97.33494567871094,72.95249938964844,101.9322280883789
2025-02-27,91.4675521850586,72.8158187866211,101.50438690185547
2025-02-28,93.2706069946289,73.01629638671875,101.95085144042969
2025-03-03,90.1924819946289,72.86431884765625,102.27294158935547
2025-03-04,90.84993743896484,72.85515594482422,101.93683624267578
2025-03-05,93.9778823852539,72.89179229736328,101.61005401611328
2025-03-06,88.9273452758789,72.61713409423828,101.2926254272461
2025-03-07,92.60318756103516,72.73614501953125,101.13389587402344
2025-03-10,86.74576568603516,72.46149444580078,101.47935485839844
2025-03-11,88.70819854736328,72.20515441894531,100.81645202636719
2025-03-12,95.27291107177734,72.28755187988281,100.51769256591797
2025-03-13,94.51580810546875,71.8847427368164,100.83512115478516
2025-03-14,100.40313720703125,72.21432495117188,100.7884292602539
2025-03-17,102.71421813964844,72.38825988769531,100.99384307861328
2025-03-18,101.32955932617188,72.26010131835938,101.23657989501953
2025-03-19,101.66825103759766,72.73614501953125,101.83414459228516
2025-03-20,102.60464477539062,72.63543701171875,101.68474578857422
2025-03-21,94.35643005371094,72.52558898925781,101.54469299316406
2025-03-24,96.56790161132812,72.73614501953125,101.10587310791016
2025-03-25,93.8185043334961,72.69951629638672,101.20858764648438
2025-03-26,91.7763671875,72.40654754638672,100.79778289794922
2025-03-27,90.81010437011719,72.26924133300781,100.67639923095703
2025-03-28,88.10053253173828,72.14107513427734,101.28327178955078
2025-03-31,86.66918182373047,72.22346496582031,101.47935485839844
2025-04-01,88.48456573486328,72.39089965820312,101.8420639038086
2025-04-02,88.37483215332031,72.53809356689453,102.07637023925781
2025-04-03,74.15106964111328,71.63655090332031,102.06700897216797
2025-04-04,64.5555191040039,70.61540222167969,101.95453643798828
2025-04-07,68.19625091552734,70.00821685791016,99.9675521850586
2025-04-08,65.3734359741211,69.68624877929688,98.70225524902344
2025-04-09,77.67210388183594,71.55374145507812,100.35181427001953
2025-04-10,69.87198638916016,70.38542175292969,98.64601135253906
2025-04-11,69.37326049804688,70.59700012207031,98.62728118896484
2025-04-14,70.83950805664062,70.94659423828125,99.23650360107422
2025-04-15,70.8594741821289,71.13976287841797,99.77072143554688
2025-04-16,69.15380859375,71.13056945800781,100.19248962402344
2025-04-17,68.62516021728516,71.5445327758789,100.05189514160156
2025-04-21,66.57038116455078,71.12136840820312,98.97407531738281
2025-04-22,70.03157043457031,71.39735412597656,99.21774291992188
2025-04-23,72.74466705322266,71.7561264038086,99.65825653076172
2025-04-24,77.2232437133789,72.40009307861328,100.67987060546875
2025-04-25,79.57725524902344,72.46448516845703,101.21409606933594
2025-04-28,78.3603515625,72.50129699707031,101.44841766357422
2025-04-29,76.68462371826172,72.69448852539062,101.6827392578125
2025-04-30,76.75444793701172,72.30809020996094,101.20472717285156
2025-05-01,77.5723648071289,72.4014892578125,100.8490219116211
2025-05-02,80.5148696899414,72.6234130859375,100.6043472290039
2025-05-05,80.21562194824219,72.59566497802734,100.46321105957031
2025-05-06,80.3053970336914,72.54019165039062,100.66082000732422
2025-05-07,82.4100341796875,72.60490417480469,100.86784362792969
2025-05-08,84.93359375,72.58641052246094,100.35968780517578
2025-05-09,85.64179229736328,72.6326675415039,100.3220443725586
2025-05-12,92.05546569824219,73.35388946533203,100.30320739746094
2025-05-13,96.68367004394531,73.48335266113281,100.38792419433594
2025-05-14,95.07776641845703,73.21520233154297,99.8797607421875
2025-05-15,95.20742797851562,73.35388946533203,100.59494018554688
2025-05-16,97.75093841552734,73.4371109008789,100.78314208984375
2025-05-19,98.3992919921875,73.40013885498047,100.79254913330078
2025-05-20,97.85069274902344,73.36314392089844,100.54788970947266
2025-05-21,95.596435546875,72.8730697631836,99.4280776977539
2025-05-22,94.58900451660156,73.02102661132812,99.93622589111328
2025-05-23,93.13272094726562,73.00253295898438,100.01151275634766
2025-05-27,96.13506317138672,73.44636535644531,100.91488647460938
2025-05-28,95.9355697631836,73.40013885498047,100.67022705078125
2025-05-29,96.55400085449219,73.51110076904297,101.12191009521484
2025-05-30,94.2199478149414,73.57583618164062,101.41364288330078
2025-06-02,97.93048858642578,73.56280517578125,101.12651824951172
2025-06-03,101.99015045166016,73.7021713256836,101.17372131347656
2025-06-04,102.98761749267578,73.84154510498047,101.91043090820312
2025-06-05,106.01988220214844,73.68359375,101.5987548828125
2025-06-06,108.28411865234375,73.67430114746094,100.98482513427734
2025-06-09,110.66803741455078,73.71147155761719,101.28707122802734
2025-06-10,113.84992980957031,73.88798522949219,101.53263854980469
2025-06-11,115.73512268066406,73.86940002441406,101.853759765625
2025-06-12,115.88475036621094,73.95301055908203,102.42045593261719
2025-06-13,115.30621337890625,73.73005676269531,101.80652618408203
2025-06-16,119.53543853759766,73.8786849975586,101.62709045410156
2025-06-17,120.03416442871094,73.79509735107422,101.9765396118164
2025-06-18,121.51041412353516,73.90657806396484,102.05209350585938
2025-06-20,123.285888671875,74.13882446289062,102.1371078491211
2025-06-23,121.7697525024414,74.27818298339844,102.39214324951172
2025-06-24,127.5849380493164,74.48257446289062,102.87381744384766
2025-06-25,126.92662048339844,74.46400451660156,102.75102233886719
2025-06-26,125.6797866821289,74.67767333984375,103.12884521484375
2025-06-27,124.44293975830078,74.6405258178711,102.95880889892578
2025-06-30,122.93678283691406,74.92854309082031,103.52550506591797
2025-07-01,120.58277130126953,74.8342514038086,103.650634765625
2025-07-02,121.43061828613281,74.97428131103516,103.63166809082031
2025-07-03,121.97921752929688,75.02093505859375,103.38522338867188
2025-07-07,119.72782897949219,74.7689208984375,102.76905059814453
2025-07-08,124.22061920166016,74.6662368774414,102.47515869140625
2025-07-09,122.04411315917969,74.87158966064453,103.06290435791016
2025-07-10,122.91272735595703,74.79692077636719,103.08185577392578
2025-07-11,124.33045196533203,74.70356750488281,102.4561996459961
2025-07-14,118.41992950439453,74.75956726074219,102.4277572631836
2025-07-15,119.91753387451172,74.5355453491211,102.05805969238281
2025-07-16,116.24341583251953,74.7315673828125,102.21920776367188
2025-07-17,113.07850646972656,74.80624389648438,102.4656753540039
2025-07-18,114.20669555664062,74.9089126586914,102.65526580810547
2025-07-21,113.0485610961914,75.01161193847656,103.05342864990234
2025-07-22,109.04497528076172,75.14228057861328,103.29989624023438
2025-07-23,109.65399932861328,75.17962646484375,103.13873291015625
2025-07-24,111.55096435546875,75.0862808227539,102.987060546875
2025-07-25,111.08171081542969,75.13294219970703,103.31884765625
2025-07-28,111.07173156738281,75.09562683105469,103.11029815673828
2025-07-29,111.78058624267578,75.14228057861328,103.79283905029297
2025-07-30,114.5561294555664,74.98360443115234,103.40416717529297
2025-07-31,108.96510314941406,75.0302734375,103.4326171875
2025-08-01,104.7119369506836,75.0340347290039,104.35018157958984
2025-08-04,107.59730529785156,75.28732299804688,104.53104400634766
2025-08-05,108.8852310180664,75.24980926513672,104.60717010498047
2025-08-06,108.60567474365234,75.32485961914062,104.57862854003906
2025-08-07,111.69073486328125,75.24980926513672,104.47392272949219
2025-08-08,118.6994857788086,75.25920104980469,104.14076232910156
2025-08-11,123.52174377441406,75.25920104980469,104.30259704589844
2025-08-12,127.5452880859375,75.42805480957031,104.39777374267578
2025-08-13,124.07085418701172,75.62506866455078,104.94983673095703
2025-08-14,125.08922576904297,75.42805480957031,104.58814239501953
2025-08-15,120.67631530761719,75.48433685302734,104.45488739013672
2025-08-18,123.3520278930664,75.42805480957031,104.2645263671875
2025-08-19,121.85442352294922,75.40928649902344,104.42631530761719
2025-08-20,117.02217102050781,75.38114166259766,104.47392272949219
2025-08-21,115.60445404052734,75.24041748046875,104.07415008544922
2025-08-22,117.49142456054688,75.85022735595703,104.89271545410156
2025-08-25,116.23343658447266,75.70011138916016,104.61669158935547
2025-08-26,116.31332397460938,75.86900329589844,104.6928482055664
2025-08-27,117.56131744384766,75.96280670166016,104.73090362548828
2025-08-28,121.80450439453125,76.00033569335938,104.89271545410156
2025-08-29,118.81929016113281,75.85961151123047,104.51199340820312
2025-09-02,118.29014587402344,75.7776107788086,104.16238403320312
2025-09-03,118.52975463867188,75.98499298095703,104.78324890136719
2025-09-04,124.01095581054688,76.19235229492188,105.49964904785156
2025-09-05,131.15948486328125,76.23005676269531,106.1873779296875
2025-09-08,131.2493438720703,76.23005676269531,106.55989837646484
2025-09-09,135.02328491210938,76.14522552490234,106.36886596679688
2025-09-10,139.77565002441406,76.20177459716797,106.68406677246094
2025-09-11,150.32872009277344,76.39029693603516,107.1807632446289
2025-09-12,156.97804260253906,76.31489562988281,106.98973083496094
2025-09-15,157.51719665527344,76.53170776367188,107.32404327392578
2025-09-16,158.5655059814453,76.47514343261719,107.22852325439453
2025-09-17,159.73362731933594,76.39973449707031,107.03749084472656
2025-09-18,168.61936950683594,76.56939697265625,106.81780242919922
2025-09-19,162.46922302246094,76.59770202636719,106.7318344116211
2025-09-22,164.356201171875,76.65423583984375,106.4930191040039
2025-09-23,166.14334106445312,76.59770202636719,106.70316314697266
2025-09-24,161.45086669921875,76.4939956665039,106.2733383178711
2025-09-25,156.57870483398438,76.27718353271484,106.08229064941406
2025-09-26,157.0179901123047,76.42800903320312,106.22557067871094
2025-09-29,163.63734436035156,76.55997467041016,106.5790023803711
2025-09-30,167.0518798828125,76.53170776367188,106.47391510009766
2025-10-01,181.85809326171875,76.6747055053711,106.90149688720703
2025-10-02,183.45555114746094,76.64629364013672,107.07406616210938
2025-10-03,187.64645385742188,76.56104278564453,106.93985748291016
2025-10-06,190.7733917236328,76.57999420166016,106.59473419189453
2025-10-07,185.508544921875,76.4947509765625,106.79605102539062
2025-10-08,196.34793090820312,76.38111114501953,106.66181945800781
2025-10-09,192.1420440673828,76.16328430175781,106.45092010498047
2025-10-10,181.42254638671875,75.7181625366211,106.74811553955078
2025-10-13,192.5816192626953,76.19170379638672,107.1124267578125
2025-10-14,186.877197265625,76.27693939208984,107.46710968017578
2025-10-15,191.75242614746094,76.52317810058594,107.46710968017578
2025-10-16,202.33209228515625,76.2485122680664,107.77388763427734
2025-10-17,202.18223571777344,76.44739532470703,107.56298065185547
2025-10-20,206.5679473876953,76.59893798828125,107.88893127441406
2025-10-21,202.09230041503906,76.48529815673828,107.9081039428711
2025-10-22,198.27606201171875,76.40953826904297,108.01355743408203
2025-10-23,206.5080108642578,76.57999420166016,107.87934875488281
2025-10-24,218.8059844970703,76.78834533691406,108.06148529052734
2025-10-27,219.88491821289062,76.97776794433594,108.24365234375
2025-10-28,221.69314575195312,76.90198516845703,108.25321197509766
2025-10-29,226.40853881835938,76.66522979736328,107.63968658447266
2025-10-30,223.7910919189453,76.52317810058594,107.06446838378906
2025-10-31,223.55133056640625,76.52317810058594,106.63307189941406
2025-11-03,234.4706573486328,76.28520202636719,106.34634399414062
2025-11-04,217.8169403076172,76.29471588134766,106.49067687988281
2025-11-05,237.26791381835938,76.3708724975586,106.17316436767578
2025-11-06,238.09710693359375,76.39942932128906,106.73120880126953
2025-11-07,237.68748474121094,76.46607208251953,106.51953125
2025-11-10,253.05245971679688,76.72307586669922,106.5772705078125
2025-11-11,240.87437438964844,76.80874633789062,107.0006103515625
2025-11-12,244.66067504882812,76.65643310546875,106.89476776123047
2025-11-13,236.71844482421875,76.34230041503906,106.36559295654297
2025-11-14,246.5887908935547,76.36134338378906,106.07694244384766
2025-11-17,241.71356201171875,76.23760223388672,106.14429473876953
2025-11-18,228.27670288085938,76.25664520263672,106.1924057006836
2025-11-19,225.69921875,76.29471588134766,106.2020263671875
2025-11-20,201.17320251464844,76.24711608886719,106.34634399414062
2025-11-21,207.16734313964844,76.50413513183594,106.7215805053711
2025-11-24,223.71116638183594,76.71355438232422,107.14493560791016
2025-11-25,224.31057739257812,76.98008728027344,107.44319915771484
2025-11-26,230.03497314453125,77.05623626708984,107.80883026123047
2025-11-28,236.24891662597656,77.09431457519531,107.62601470947266
2025-12-01,240.2250213623047,76.95564270019531,107.04946899414062
2025-12-02,239.25596618652344,77.0990982055664,107.1170654296875
2025-12-03,233.93118286132812,77.16603088378906,107.35850524902344
2025-12-04,226.4285125732422,77.22342681884766,107.16535949707031
2025-12-05,236.98817443847656,77.22342681884766,107.05912780761719
2025-12-08,246.6787109375,77.03215026855469,106.83702087402344
2025-12-09,252.17332458496094,76.94607543945312,106.70182037353516
2025-12-10,263.4522705078125,77.20428466796875,107.1943359375
2025-12-11,258.2074279785156,77.19474029541016,107.03982543945312
2025-12-12,240.90435791015625,77.05127716064453,106.3927993774414
2025-12-15,237.26791381835938,77.08953857421875,106.51832580566406
2025-12-16,232.2827911376953,77.13733673095703,106.759765625
2025-12-17,225.29962158203125,77.04171752929688,106.64386749267578
2025-12-18,248.30711364746094,77.25210571289062,107.04946899414062
2025-12-19,265.66015625,77.21463012695312,106.77412414550781
2025-12-22,276.3197021484375,77.28189849853516,106.75473022460938
2025-12-23,276.0,77.33954620361328,106.86140441894531
2025-12-24,286.3998718261719,77.4836654663086,107.27827453613281
2025-12-26,284.5117492675781,77.44522857666016,107.26858520507812
2025-12-29,294.2011413574219,77.47405242919922,107.41401672363281
2025-12-30,292.4621276855469,77.55094146728516,107.28797149658203
2025-12-31,285.24627685546875,77.47405242919922,106.83230590820312
2026-01-02,315.2391052246094,77.51249694824219,106.80322265625
2026-01-05,311.970947265625,77.71427154541016,107.10377502441406
2026-01-06,343.23297119140625,77.73350524902344,107.10377502441406
2026-01-07,339.355224609375,77.71427154541016,107.18133544921875
2026-01-08,326.8323974609375,77.77193450927734,106.88078308105469
2026-01-09,344.89202880859375,77.82958221435547,107.26858520507812
2026-01-12,345.6716003417969,77.8680191040039,107.14253997802734
2026-01-13,337.93603515625,77.8680191040039,107.375244140625
2026-01-14,333.1587829589844,77.8680191040039,107.6467056274414
2026-01-15,336.4369201660156,77.8680191040039,107.5109634399414
2026-01-16,362.5419006347656,77.91605377197266,107.20072937011719
2026-01-20,364.7906188964844,77.71427154541016,106.5511245727539
2026-01-21,388.88677978515625,77.94488525390625,107.1910171508789
2026-01-22,397.3519287109375,78.00254821777344,107.39463806152344
2026-01-23,399.4207458496094,77.96409606933594,107.46249389648438
2026-01-26,388.8667907714844,78.00254821777344,107.54975128173828
2026-01-27,410.0046691894531,77.99292755126953,107.43341064453125
2026-01-28,435.03033447265625,77.8680191040039,107.27827453613281
2026-01-29,435.5400390625,77.85840606689453,107.30738067626953
2026-01-30,414.6419982910156,77.94488525390625,107.20072937011719
2026-02-02,437.5488586425781,77.99219512939453,107.10145568847656
2026-02-03,419.1993713378906,77.94392395019531,107.15011596679688
2026-02-04,379.1823425292969,77.84737396240234,107.01388549804688
2026-02-05,382.6703796386719,77.76045227050781,107.52963256835938
2026-02-06,394.4635925292969,78.03081512451172,107.58802032470703
2026-02-09,383.280029296875,78.13704681396484,107.58802032470703
2026-02-10,373.035888671875,78.05977630615234,107.84103393554688
2026-02-11,410.1046142578125,78.05014038085938,107.72425079345703
2026-02-12,413.7325439453125,78.01151275634766,108.23028564453125
2026-02-13,411.42388916015625,78.06944274902344,108.59033203125
2026-02-17,399.5506591796875,78.03081512451172,108.6973648071289
2026-02-18,420.70855712890625,78.12738800048828,108.59033203125
2026-02-19,417.110595703125,78.15635681152344,108.67790222167969
2026-02-20,427.92437744140625,78.21428680419922,108.59033203125
2026-02-23,420.728515625,78.08876037597656,108.70710754394531
2026-02-24,417.7702331542969,78.03081512451172,108.67790222167969
2026-02-25,428.75390625,78.13704681396484,108.64871978759766
2026-02-26,415.3216247558594,78.06944274902344,108.71682739257812
2026-02-27,412.1334533691406,77.94392395019531,108.67790222167969
2026-03-02,412.4333190917969,77.89928436279297,108.30977630615234
2026-03-03,379.4621887207031,77.74402618408203,108.2609634399414
2026-03-04,400.5400695800781,78.0157241821289,108.35860443115234
2026-03-05,396.8222351074219,77.70520782470703,107.928955078125
2026-03-06,370.08758544921875,77.3267822265625,107.56768035888672
2026-03-09,389.0966796875,77.79254150390625,108.21214294433594
2026-03-10,402.8787536621094,77.6664047241211,107.47001647949219
2026-03-11,418.4498291015625,77.49173736572266,106.59120178222656
2026-03-12,405.1174621582031,76.99686431884766,106.01508331298828
2026-03-13,425.88555908203125,76.85131072998047,105.62450408935547
2026-03-16,441.54656982421875,77.09390258789062,106.13226318359375
2026-03-17,461.4251708984375,77.44322204589844,106.7279052734375
2026-03-18,461.46514892578125,77.0453872680664,106.15177917480469
2026-03-19,444.01513671875,77.29766845703125,106.6204833984375
2026-03-20,422.65740966796875,76.5796127319336,105.31202697753906
2026-03-23,404.1180419921875,77.08419036865234,106.00531768798828
2026-03-24,395.3031005859375,76.82220458984375,105.79049682617188
2026-03-25,381.8708190917969,77.0647964477539,106.17130279541016
2026-03-26,355.256103515625,76.5796127319336,105.34131622314453
2026-03-27,357.01507568359375,76.38555145263672,105.08744049072266
2026-03-30,321.75048828125,76.4728775024414,105.76119995117188
2026-03-31,337.7880554199219,77.20063018798828,106.42520904541016
2026-04-01,367.7934265136719,77.38980102539062,106.53893280029297
2026-04-02,366.18365478515625,77.5750503540039,106.98995208740234
2026-04-06,377.701904296875,77.71156311035156,106.82327270507812
2026-04-07,377.52191162109375,77.73107147216797,106.94093322753906
2026-04-08,406.6674499511719,78.18933868408203,107.35272216796875
2026-04-09,421.4451904296875,78.27709197998047,107.35272216796875
2026-04-10,420.52532958984375,77.96508026123047,107.06838989257812
2026-04-13,426.4944152832031,78.25759887695312,107.48019409179688
2026-04-14,465.5884094238281,78.49161529541016,107.83317565917969
2026-04-15,456.15985107421875,78.45260620117188,107.79395294189453
2026-04-16,457.1596984863281,78.34534454345703,107.29389953613281
2026-04-17,455.0000305175781,78.63787078857422,107.8919906616211
2026-04-20,448.3510437011719,78.56961059570312,107.88218688964844
2026-04-21,449.3109130859375,78.36485290527344,107.47039031982422
2026-04-22,487.4050598144531,78.49161529541016,107.6762924194336
2026-04-23,481.64593505859375,78.36485290527344,107.38214111328125
2026-04-24,496.64361572265625,78.47210693359375,107.46058654785156
2026-04-27,524.4793090820312,78.50135803222656,107.15663146972656
2026-04-28,504.21246337890625,78.39410400390625,107.2056655883789
2026-04-29,518.3803100585938,78.13082885742188,106.60755920410156
2026-04-30,517.0804443359375,78.37459564208984,106.72522735595703
2026-05-01,542.1266479492188,78.47163391113281,106.89747619628906
2026-05-04,576.3613891601562,78.216796875,106.55297088623047
2026-05-05,640.1015625,78.33441162109375,106.94670104980469
2026-05-06,666.487548828125,78.56964874267578,107.47823333740234
2026-05-07,646.5305786132812,78.27560424804688,107.03528594970703
2026-05-08,746.6951293945312,78.55004119873047,107.48807525634766
2026-05-11,795.2077026367188,78.39322662353516,107.2223129272461
2026-05-12,766.462158203125,78.28541564941406,106.85810852050781
2026-05-13,803.5064086914062,78.32461547851562,106.91716766357422
2026-05-14,775.8906860351562,78.26580047607422,106.8482666015625
2026-05-15,724.5485229492188,77.883544921875,106.16908264160156
2026-05-18,681.4351806640625,77.96195220947266,105.97221374511719
2026-05-19,698.632568359375,77.77571868896484,105.44068145751953
2026-05-20,731.87744140625,78.27560424804688,106.25767517089844
2026-05-21,761.9827880859375,78.31481170654297,106.47422790527344
2026-05-22,750.884521484375,78.32461547851562,106.67108917236328
2026-05-26,895.7422485351562,78.5892562866211,107.07466125488281
2026-05-27,928.2672119140625,78.54024505615234,107.2223129272461
2026-05-28,923.3779907226562,78.63825988769531,107.54713439941406
2026-05-29,970.8507080078125,78.71666717529297,107.64556884765625
2026-06-01,1035.3408203125,78.65657806396484,107.6287612915039
2026-06-02,1063.936279296875,78.71569061279297,107.61888885498047
2026-06-03,1079.4039306640625,78.49894714355469,107.32246398925781
2026-06-04,995.8468627929688,78.646728515625,107.54972076416016
2026-06-05,863.8771362304688,78.25265502929688,106.87784576416016
2026-06-08,949.134033203125,78.36102294921875,106.76915740966797
2026-06-09,935.74609375,78.4398422241211,107.11498260498047
2026-06-10,891.7428588867188,78.29206848144531,106.86796569824219
2026-06-11,995.7168579101562,78.75509643554688,107.77696990966797
2026-06-12,981.4590454101562,78.75509643554688,107.70780944824219
2026-06-15,1087.8226318359375,78.85360717773438,107.68804931640625
2026-06-16,1020.60302734375,78.84376525878906,107.81649780273438
2026-06-17,1043.029541015625,78.5482177734375,107.47067260742188
2026-06-18,1133.8155517578125,78.82405853271484,107.76709747314453
2026-06-22,1211.1937255859375,78.75509643554688,107.48056030273438
2026-06-23,1051.6082763671875,78.6861343383789,107.6090087890625
2026-06-24,1048.3487548828125,78.66642761230469,108.10303497314453
2026-06-25,1213.3734130859375,78.69598388671875,108.19196319580078
2026-06-26,1132.1558837890625,78.646728515625,108.19196319580078
2026-06-29,1145.1038818359375,78.82405853271484,108.38957214355469
2026-06-30,1154.112548828125,78.7846450805664,107.76709747314453
2026-07-01,1032.121337890625,78.77375793457031,107.54102325439453
2026-07-02,975.4099731445312,78.89253234863281,107.71949768066406
2026-07-06,984.75,79.05089569091797,107.74923706054688
2026-07-07,938.3800048828125,78.94202423095703,106.96593475341797
2026-07-08,948.7999877929688,78.84304809570312,106.7577133178711
2026-07-09,991.6400146484375,78.93212127685547,106.79737091064453
2026-07-10,979.2999877929688,78.89253234863281,106.54949188232422
2026-07-13,937.0,78.70447540283203,106.05372619628906
2026-07-14,983.1199951171875,78.86283874511719,106.3016128540039
2026-07-15,904.280029296875,78.99150848388672,106.6684799194336
2026-07-16,853.2000122070312,78.98161315917969,106.58915710449219
2026-07-17,848.9500122070312,78.83314514160156,106.64865112304688
2026-07-20,865.4600219726562,78.86283874511719,106.24211883544922
2026-07-21,970.8200073242188,78.83314514160156,105.94466400146484
2026-07-22,959.47998046875,78.70447540283203,105.76618194580078
2026-07-23,990.2100219726562,78.4174575805664,105.35966491699219
2026-07-24,920.9500122070312,78.4174575805664,105.32991790771484
2026-07-27,900.2000122070312,78.45704650878906,105.6075439453125
2026-07-28,820.530029296875,78.60549926757812,105.92483520507812
2026-07-29,739.0,78.42735290527344,105.32000732421875
2026-07-30,874.6599731445312,78.65499877929688,105.5083999633789
2026-07-31,823.030029296875,78.6648941040039,105.34974670410156
2026-08-03,829.5,78.87772369384766,105.66641998291016
2026-08-04,892.6699829101562,79.11642456054688,106.31370544433594
2026-08-05,893.1900024414062,79.08657836914062,106.29378509521484
2026-08-06,881.469970703125,79.02690887451172,105.91537475585938
2026-08-07,877.5700073242188,79.17609405517578,106.10458374023438
2026-08-10,861.0,79.04680633544922,105.51704406738281
2026-08-11,868.52001953125,79.0766372680664,105.54692077636719
2026-08-12,911.2899780273438,79.17609405517578,105.67638397216797
2026-08-13,949.8300170898438,79.35511016845703,106.10458374023438
2026-08-14,971.6599731445312,79.27554321289062,105.67638397216797
2026-08-17,1011.75,79.17609405517578,105.25813293457031
2026-08-18,940.760009765625,79.09652709960938,105.39754486083984
2026-08-19,937.1099853515625,79.27554321289062,106.12449645996094
2026-08-20,974.3300170898438,79.12635803222656,105.61663055419922
2026-08-21,966.780029296875,79.17609405517578,105.47721099853516
2026-08-24,910.4299926757812,79.26559448242188,105.73612976074219
2026-08-25,932.969970703125,79.4843978881836,106.41328430175781
2026-08-26,938.4000244140625,79.46451568603516,106.3336181640625
2026-08-27,935.3900146484375,79.43467712402344,106.28382873535156
2026-08-28,932.8599853515625,79.30538177490234,105.9054183959961
2026-08-31,958.72998046875,79.375,105.76599884033203
2026-09-01,933.4400024414062,79.0999984741211,105.22000122070312
2026-09-02,956.0800170898438,79.11000061035156,105.3499984741211
2026-09-03,958.1599731445312,79.20999908447266,105.5
2026-09-04,1016.5900268554688,79.16000366210938,105.4800033569336
2026-09-08,1000.260009765625,79.12000274658203,105.4800033569336
2026-09-09,1027.77001953125,78.9800033569336,105.30999755859375
2026-09-10,977.4099731445312,78.62000274658203,104.36000061035156
